Data,Seed,TestProportion,CandidateProportion,SelectorType,ModelType,UniqueErrorsInput,n_estimators,regularization,RashomonThresholdType,RashomonThreshold,Type,Partition,Time,Memory,JobName,Output
Iris,0,0.2,0.8,TreeEnsembleQBCFunction,TreeFarmsFunction,0,100,0.01,Adder,0.025,Classification,short,0:59:00,1000M,0IS_DA0.025,Iris/TreeFarms/Raw/0IS_DA0.025.pkl
Iris,0,0.2,0.8,PassiveLearning,RandomForestClassificationFunction,1,100,0.01,Adder,0.0,Classification,short,00:59:00,1000,0IS_PLA0.0,Iris/RandomForestClassification/Raw/0IS_PLA0.0.pkl
Iris,0,0.2,0.8,TreeEnsembleQBCFunction,RandomForestClassificationFunction,0,100,0.01,Adder,0.0,Classification,short,00:59:00,1000,0IS_RFA0.0,Iris/RandomForestClassification/Raw/0IS_RFA0.0.pkl
Iris,0,0.2,0.8,TreeEnsembleQBCFunction,TreeFarmsFunction,1,100,0.01,Adder,0.025,Classification,short,0:59:00,1000M,0IS_UA0.025,Iris/TreeFarms/Raw/0IS_UA0.025.pkl
Iris,1,0.2,0.8,PassiveLearning,RandomForestClassificationFunction,1,100,0.01,Adder,0.0,Classification,short,00:59:00,1000,1IS_PLA0.0,Iris/RandomForestClassification/Raw/1IS_PLA0.0.pkl
Iris,1,0.2,0.8,TreeEnsembleQBCFunction,RandomForestClassificationFunction,0,100,0.01,Adder,0.0,Classification,short,00:59:00,1000,1IS_RFA0.0,Iris/RandomForestClassification/Raw/1IS_RFA0.0.pkl
Iris,1,0.2,0.8,TreeEnsembleQBCFunction,TreeFarmsFunction,1,100,0.01,Adder,0.025,Classification,short,0:59:00,1000M,1IS_UA0.025,Iris/TreeFarms/Raw/1IS_UA0.025.pkl
Iris,1,0.2,0.8,TreeEnsembleQBCFunction,TreeFarmsFunction,0,100,0.01,Adder,0.025,Classification,short,0:59:00,1000M,1IS_DA0.025,Iris/TreeFarms/Raw/1IS_DA0.025.pkl
Iris,2,0.2,0.8,TreeEnsembleQBCFunction,TreeFarmsFunction,0,100,0.01,Adder,0.025,Classification,short,0:59:00,1000M,2IS_DA0.025,Iris/TreeFarms/Raw/2IS_DA0.025.pkl
Iris,2,0.2,0.8,TreeEnsembleQBCFunction,RandomForestClassificationFunction,0,100,0.01,Adder,0.0,Classification,short,00:59:00,1000,2IS_RFA0.0,Iris/RandomForestClassification/Raw/2IS_RFA0.0.pkl
Iris,2,0.2,0.8,PassiveLearning,RandomForestClassificationFunction,1,100,0.01,Adder,0.0,Classification,short,00:59:00,1000,2IS_PLA0.0,Iris/RandomForestClassification/Raw/2IS_PLA0.0.pkl
Iris,2,0.2,0.8,TreeEnsembleQBCFunction,TreeFarmsFunction,1,100,0.01,Adder,0.025,Classification,short,0:59:00,1000M,2IS_UA0.025,Iris/TreeFarms/Raw/2IS_UA0.025.pkl
Iris,3,0.2,0.8,TreeEnsembleQBCFunction,TreeFarmsFunction,1,100,0.01,Adder,0.025,Classification,short,0:59:00,1000M,3IS_UA0.025,Iris/TreeFarms/Raw/3IS_UA0.025.pkl
Iris,3,0.2,0.8,PassiveLearning,RandomForestClassificationFunction,1,100,0.01,Adder,0.0,Classification,short,00:59:00,1000,3IS_PLA0.0,Iris/RandomForestClassification/Raw/3IS_PLA0.0.pkl
Iris,3,0.2,0.8,TreeEnsembleQBCFunction,RandomForestClassificationFunction,0,100,0.01,Adder,0.0,Classification,short,00:59:00,1000,3IS_RFA0.0,Iris/RandomForestClassification/Raw/3IS_RFA0.0.pkl
Iris,3,0.2,0.8,TreeEnsembleQBCFunction,TreeFarmsFunction,0,100,0.01,Adder,0.025,Classification,short,0:59:00,1000M,3IS_DA0.025,Iris/TreeFarms/Raw/3IS_DA0.025.pkl
Iris,4,0.2,0.8,TreeEnsembleQBCFunction,RandomForestClassificationFunction,0,100,0.01,Adder,0.0,Classification,short,00:59:00,1000,4IS_RFA0.0,Iris/RandomForestClassification/Raw/4IS_RFA0.0.pkl
Iris,4,0.2,0.8,TreeEnsembleQBCFunction,TreeFarmsFunction,0,100,0.01,Adder,0.025,Classification,short,0:59:00,1000M,4IS_DA0.025,Iris/TreeFarms/Raw/4IS_DA0.025.pkl
Iris,4,0.2,0.8,TreeEnsembleQBCFunction,TreeFarmsFunction,1,100,0.01,Adder,0.025,Classification,short,0:59:00,1000M,4IS_UA0.025,Iris/TreeFarms/Raw/4IS_UA0.025.pkl
Iris,4,0.2,0.8,PassiveLearning,RandomForestClassificationFunction,1,100,0.01,Adder,0.0,Classification,short,00:59:00,1000,4IS_PLA0.0,Iris/RandomForestClassification/Raw/4IS_PLA0.0.pkl
Iris,5,0.2,0.8,TreeEnsembleQBCFunction,TreeFarmsFunction,1,100,0.01,Adder,0.025,Classification,short,0:59:00,1000M,5IS_UA0.025,Iris/TreeFarms/Raw/5IS_UA0.025.pkl
Iris,5,0.2,0.8,PassiveLearning,RandomForestClassificationFunction,1,100,0.01,Adder,0.0,Classification,short,00:59:00,1000,5IS_PLA0.0,Iris/RandomForestClassification/Raw/5IS_PLA0.0.pkl
Iris,5,0.2,0.8,TreeEnsembleQBCFunction,RandomForestClassificationFunction,0,100,0.01,Adder,0.0,Classification,short,00:59:00,1000,5IS_RFA0.0,Iris/RandomForestClassification/Raw/5IS_RFA0.0.pkl
Iris,5,0.2,0.8,TreeEnsembleQBCFunction,TreeFarmsFunction,0,100,0.01,Adder,0.025,Classification,short,0:59:00,1000M,5IS_DA0.025,Iris/TreeFarms/Raw/5IS_DA0.025.pkl
Iris,6,0.2,0.8,TreeEnsembleQBCFunction,TreeFarmsFunction,1,100,0.01,Adder,0.025,Classification,short,0:59:00,1000M,6IS_UA0.025,Iris/TreeFarms/Raw/6IS_UA0.025.pkl
Iris,6,0.2,0.8,TreeEnsembleQBCFunction,TreeFarmsFunction,0,100,0.01,Adder,0.025,Classification,short,0:59:00,1000M,6IS_DA0.025,Iris/TreeFarms/Raw/6IS_DA0.025.pkl
Iris,6,0.2,0.8,TreeEnsembleQBCFunction,RandomForestClassificationFunction,0,100,0.01,Adder,0.0,Classification,short,00:59:00,1000,6IS_RFA0.0,Iris/RandomForestClassification/Raw/6IS_RFA0.0.pkl
Iris,6,0.2,0.8,PassiveLearning,RandomForestClassificationFunction,1,100,0.01,Adder,0.0,Classification,short,00:59:00,1000,6IS_PLA0.0,Iris/RandomForestClassification/Raw/6IS_PLA0.0.pkl
Iris,7,0.2,0.8,TreeEnsembleQBCFunction,RandomForestClassificationFunction,0,100,0.01,Adder,0.0,Classification,short,00:59:00,1000,7IS_RFA0.0,Iris/RandomForestClassification/Raw/7IS_RFA0.0.pkl
Iris,7,0.2,0.8,TreeEnsembleQBCFunction,TreeFarmsFunction,1,100,0.01,Adder,0.025,Classification,short,0:59:00,1000M,7IS_UA0.025,Iris/TreeFarms/Raw/7IS_UA0.025.pkl
Iris,7,0.2,0.8,PassiveLearning,RandomForestClassificationFunction,1,100,0.01,Adder,0.0,Classification,short,00:59:00,1000,7IS_PLA0.0,Iris/RandomForestClassification/Raw/7IS_PLA0.0.pkl
Iris,7,0.2,0.8,TreeEnsembleQBCFunction,TreeFarmsFunction,0,100,0.01,Adder,0.025,Classification,short,0:59:00,1000M,7IS_DA0.025,Iris/TreeFarms/Raw/7IS_DA0.025.pkl
Iris,8,0.2,0.8,TreeEnsembleQBCFunction,TreeFarmsFunction,0,100,0.01,Adder,0.025,Classification,short,0:59:00,1000M,8IS_DA0.025,Iris/TreeFarms/Raw/8IS_DA0.025.pkl
Iris,8,0.2,0.8,PassiveLearning,RandomForestClassificationFunction,1,100,0.01,Adder,0.0,Classification,short,00:59:00,1000,8IS_PLA0.0,Iris/RandomForestClassification/Raw/8IS_PLA0.0.pkl
Iris,8,0.2,0.8,TreeEnsembleQBCFunction,RandomForestClassificationFunction,0,100,0.01,Adder,0.0,Classification,short,00:59:00,1000,8IS_RFA0.0,Iris/RandomForestClassification/Raw/8IS_RFA0.0.pkl
Iris,8,0.2,0.8,TreeEnsembleQBCFunction,TreeFarmsFunction,1,100,0.01,Adder,0.025,Classification,short,0:59:00,1000M,8IS_UA0.025,Iris/TreeFarms/Raw/8IS_UA0.025.pkl
Iris,9,0.2,0.8,TreeEnsembleQBCFunction,RandomForestClassificationFunction,0,100,0.01,Adder,0.0,Classification,short,00:59:00,1000,9IS_RFA0.0,Iris/RandomForestClassification/Raw/9IS_RFA0.0.pkl
Iris,9,0.2,0.8,TreeEnsembleQBCFunction,TreeFarmsFunction,0,100,0.01,Adder,0.025,Classification,short,0:59:00,1000M,9IS_DA0.025,Iris/TreeFarms/Raw/9IS_DA0.025.pkl
Iris,9,0.2,0.8,PassiveLearning,RandomForestClassificationFunction,1,100,0.01,Adder,0.0,Classification,short,00:59:00,1000,9IS_PLA0.0,Iris/RandomForestClassification/Raw/9IS_PLA0.0.pkl
Iris,9,0.2,0.8,TreeEnsembleQBCFunction,TreeFarmsFunction,1,100,0.01,Adder,0.025,Classification,short,0:59:00,1000M,9IS_UA0.025,Iris/TreeFarms/Raw/9IS_UA0.025.pkl
Iris,10,0.2,0.8,TreeEnsembleQBCFunction,RandomForestClassificationFunction,0,100,0.01,Adder,0.0,Classification,short,00:59:00,1000,10IS_RFA0.0,Iris/RandomForestClassification/Raw/10IS_RFA0.0.pkl
Iris,10,0.2,0.8,TreeEnsembleQBCFunction,TreeFarmsFunction,0,100,0.01,Adder,0.025,Classification,short,0:59:00,1000M,10IS_DA0.025,Iris/TreeFarms/Raw/10IS_DA0.025.pkl
Iris,10,0.2,0.8,PassiveLearning,RandomForestClassificationFunction,1,100,0.01,Adder,0.0,Classification,short,00:59:00,1000,10IS_PLA0.0,Iris/RandomForestClassification/Raw/10IS_PLA0.0.pkl
Iris,10,0.2,0.8,TreeEnsembleQBCFunction,TreeFarmsFunction,1,100,0.01,Adder,0.025,Classification,short,0:59:00,1000M,10IS_UA0.025,Iris/TreeFarms/Raw/10IS_UA0.025.pkl
Iris,11,0.2,0.8,TreeEnsembleQBCFunction,RandomForestClassificationFunction,0,100,0.01,Adder,0.0,Classification,short,00:59:00,1000,11IS_RFA0.0,Iris/RandomForestClassification/Raw/11IS_RFA0.0.pkl
Iris,11,0.2,0.8,TreeEnsembleQBCFunction,TreeFarmsFunction,0,100,0.01,Adder,0.025,Classification,short,0:59:00,1000M,11IS_DA0.025,Iris/TreeFarms/Raw/11IS_DA0.025.pkl
Iris,11,0.2,0.8,TreeEnsembleQBCFunction,TreeFarmsFunction,1,100,0.01,Adder,0.025,Classification,short,0:59:00,1000M,11IS_UA0.025,Iris/TreeFarms/Raw/11IS_UA0.025.pkl
Iris,11,0.2,0.8,PassiveLearning,RandomForestClassificationFunction,1,100,0.01,Adder,0.0,Classification,short,00:59:00,1000,11IS_PLA0.0,Iris/RandomForestClassification/Raw/11IS_PLA0.0.pkl
Iris,12,0.2,0.8,PassiveLearning,RandomForestClassificationFunction,1,100,0.01,Adder,0.0,Classification,short,00:59:00,1000,12IS_PLA0.0,Iris/RandomForestClassification/Raw/12IS_PLA0.0.pkl
Iris,12,0.2,0.8,TreeEnsembleQBCFunction,RandomForestClassificationFunction,0,100,0.01,Adder,0.0,Classification,short,00:59:00,1000,12IS_RFA0.0,Iris/RandomForestClassification/Raw/12IS_RFA0.0.pkl
Iris,12,0.2,0.8,TreeEnsembleQBCFunction,TreeFarmsFunction,1,100,0.01,Adder,0.025,Classification,short,0:59:00,1000M,12IS_UA0.025,Iris/TreeFarms/Raw/12IS_UA0.025.pkl
Iris,12,0.2,0.8,TreeEnsembleQBCFunction,TreeFarmsFunction,0,100,0.01,Adder,0.025,Classification,short,0:59:00,1000M,12IS_DA0.025,Iris/TreeFarms/Raw/12IS_DA0.025.pkl
Iris,13,0.2,0.8,TreeEnsembleQBCFunction,RandomForestClassificationFunction,0,100,0.01,Adder,0.0,Classification,short,00:59:00,1000,13IS_RFA0.0,Iris/RandomForestClassification/Raw/13IS_RFA0.0.pkl
Iris,13,0.2,0.8,PassiveLearning,RandomForestClassificationFunction,1,100,0.01,Adder,0.0,Classification,short,00:59:00,1000,13IS_PLA0.0,Iris/RandomForestClassification/Raw/13IS_PLA0.0.pkl
Iris,13,0.2,0.8,TreeEnsembleQBCFunction,TreeFarmsFunction,0,100,0.01,Adder,0.025,Classification,short,0:59:00,1000M,13IS_DA0.025,Iris/TreeFarms/Raw/13IS_DA0.025.pkl
Iris,13,0.2,0.8,TreeEnsembleQBCFunction,TreeFarmsFunction,1,100,0.01,Adder,0.025,Classification,short,0:59:00,1000M,13IS_UA0.025,Iris/TreeFarms/Raw/13IS_UA0.025.pkl
Iris,14,0.2,0.8,PassiveLearning,RandomForestClassificationFunction,1,100,0.01,Adder,0.0,Classification,short,00:59:00,1000,14IS_PLA0.0,Iris/RandomForestClassification/Raw/14IS_PLA0.0.pkl
Iris,14,0.2,0.8,TreeEnsembleQBCFunction,TreeFarmsFunction,1,100,0.01,Adder,0.025,Classification,short,0:59:00,1000M,14IS_UA0.025,Iris/TreeFarms/Raw/14IS_UA0.025.pkl
Iris,14,0.2,0.8,TreeEnsembleQBCFunction,TreeFarmsFunction,0,100,0.01,Adder,0.025,Classification,short,0:59:00,1000M,14IS_DA0.025,Iris/TreeFarms/Raw/14IS_DA0.025.pkl
Iris,14,0.2,0.8,TreeEnsembleQBCFunction,RandomForestClassificationFunction,0,100,0.01,Adder,0.0,Classification,short,00:59:00,1000,14IS_RFA0.0,Iris/RandomForestClassification/Raw/14IS_RFA0.0.pkl
Iris,15,0.2,0.8,TreeEnsembleQBCFunction,TreeFarmsFunction,1,100,0.01,Adder,0.025,Classification,short,0:59:00,1000M,15IS_UA0.025,Iris/TreeFarms/Raw/15IS_UA0.025.pkl
Iris,15,0.2,0.8,TreeEnsembleQBCFunction,TreeFarmsFunction,0,100,0.01,Adder,0.025,Classification,short,0:59:00,1000M,15IS_DA0.025,Iris/TreeFarms/Raw/15IS_DA0.025.pkl
Iris,15,0.2,0.8,TreeEnsembleQBCFunction,RandomForestClassificationFunction,0,100,0.01,Adder,0.0,Classification,short,00:59:00,1000,15IS_RFA0.0,Iris/RandomForestClassification/Raw/15IS_RFA0.0.pkl
Iris,15,0.2,0.8,PassiveLearning,RandomForestClassificationFunction,1,100,0.01,Adder,0.0,Classification,short,00:59:00,1000,15IS_PLA0.0,Iris/RandomForestClassification/Raw/15IS_PLA0.0.pkl
Iris,16,0.2,0.8,TreeEnsembleQBCFunction,TreeFarmsFunction,1,100,0.01,Adder,0.025,Classification,short,0:59:00,1000M,16IS_UA0.025,Iris/TreeFarms/Raw/16IS_UA0.025.pkl
Iris,16,0.2,0.8,TreeEnsembleQBCFunction,TreeFarmsFunction,0,100,0.01,Adder,0.025,Classification,short,0:59:00,1000M,16IS_DA0.025,Iris/TreeFarms/Raw/16IS_DA0.025.pkl
Iris,16,0.2,0.8,TreeEnsembleQBCFunction,RandomForestClassificationFunction,0,100,0.01,Adder,0.0,Classification,short,00:59:00,1000,16IS_RFA0.0,Iris/RandomForestClassification/Raw/16IS_RFA0.0.pkl
Iris,16,0.2,0.8,PassiveLearning,RandomForestClassificationFunction,1,100,0.01,Adder,0.0,Classification,short,00:59:00,1000,16IS_PLA0.0,Iris/RandomForestClassification/Raw/16IS_PLA0.0.pkl
Iris,17,0.2,0.8,PassiveLearning,RandomForestClassificationFunction,1,100,0.01,Adder,0.0,Classification,short,00:59:00,1000,17IS_PLA0.0,Iris/RandomForestClassification/Raw/17IS_PLA0.0.pkl
Iris,17,0.2,0.8,TreeEnsembleQBCFunction,TreeFarmsFunction,1,100,0.01,Adder,0.025,Classification,short,0:59:00,1000M,17IS_UA0.025,Iris/TreeFarms/Raw/17IS_UA0.025.pkl
Iris,17,0.2,0.8,TreeEnsembleQBCFunction,TreeFarmsFunction,0,100,0.01,Adder,0.025,Classification,short,0:59:00,1000M,17IS_DA0.025,Iris/TreeFarms/Raw/17IS_DA0.025.pkl
Iris,17,0.2,0.8,TreeEnsembleQBCFunction,RandomForestClassificationFunction,0,100,0.01,Adder,0.0,Classification,short,00:59:00,1000,17IS_RFA0.0,Iris/RandomForestClassification/Raw/17IS_RFA0.0.pkl
Iris,18,0.2,0.8,PassiveLearning,RandomForestClassificationFunction,1,100,0.01,Adder,0.0,Classification,short,00:59:00,1000,18IS_PLA0.0,Iris/RandomForestClassification/Raw/18IS_PLA0.0.pkl
Iris,18,0.2,0.8,TreeEnsembleQBCFunction,TreeFarmsFunction,1,100,0.01,Adder,0.025,Classification,short,0:59:00,1000M,18IS_UA0.025,Iris/TreeFarms/Raw/18IS_UA0.025.pkl
Iris,18,0.2,0.8,TreeEnsembleQBCFunction,TreeFarmsFunction,0,100,0.01,Adder,0.025,Classification,short,0:59:00,1000M,18IS_DA0.025,Iris/TreeFarms/Raw/18IS_DA0.025.pkl
Iris,18,0.2,0.8,TreeEnsembleQBCFunction,RandomForestClassificationFunction,0,100,0.01,Adder,0.0,Classification,short,00:59:00,1000,18IS_RFA0.0,Iris/RandomForestClassification/Raw/18IS_RFA0.0.pkl
Iris,19,0.2,0.8,TreeEnsembleQBCFunction,RandomForestClassificationFunction,0,100,0.01,Adder,0.0,Classification,short,00:59:00,1000,19IS_RFA0.0,Iris/RandomForestClassification/Raw/19IS_RFA0.0.pkl
Iris,19,0.2,0.8,PassiveLearning,RandomForestClassificationFunction,1,100,0.01,Adder,0.0,Classification,short,00:59:00,1000,19IS_PLA0.0,Iris/RandomForestClassification/Raw/19IS_PLA0.0.pkl
Iris,19,0.2,0.8,TreeEnsembleQBCFunction,TreeFarmsFunction,0,100,0.01,Adder,0.025,Classification,short,0:59:00,1000M,19IS_DA0.025,Iris/TreeFarms/Raw/19IS_DA0.025.pkl
Iris,19,0.2,0.8,TreeEnsembleQBCFunction,TreeFarmsFunction,1,100,0.01,Adder,0.025,Classification,short,0:59:00,1000M,19IS_UA0.025,Iris/TreeFarms/Raw/19IS_UA0.025.pkl
Iris,20,0.2,0.8,PassiveLearning,RandomForestClassificationFunction,1,100,0.01,Adder,0.0,Classification,short,00:59:00,1000,20IS_PLA0.0,Iris/RandomForestClassification/Raw/20IS_PLA0.0.pkl
Iris,20,0.2,0.8,TreeEnsembleQBCFunction,TreeFarmsFunction,1,100,0.01,Adder,0.025,Classification,short,0:59:00,1000M,20IS_UA0.025,Iris/TreeFarms/Raw/20IS_UA0.025.pkl
Iris,20,0.2,0.8,TreeEnsembleQBCFunction,TreeFarmsFunction,0,100,0.01,Adder,0.025,Classification,short,0:59:00,1000M,20IS_DA0.025,Iris/TreeFarms/Raw/20IS_DA0.025.pkl
Iris,20,0.2,0.8,TreeEnsembleQBCFunction,RandomForestClassificationFunction,0,100,0.01,Adder,0.0,Classification,short,00:59:00,1000,20IS_RFA0.0,Iris/RandomForestClassification/Raw/20IS_RFA0.0.pkl
Iris,21,0.2,0.8,TreeEnsembleQBCFunction,TreeFarmsFunction,0,100,0.01,Adder,0.025,Classification,short,0:59:00,1000M,21IS_DA0.025,Iris/TreeFarms/Raw/21IS_DA0.025.pkl
Iris,21,0.2,0.8,TreeEnsembleQBCFunction,TreeFarmsFunction,1,100,0.01,Adder,0.025,Classification,short,0:59:00,1000M,21IS_UA0.025,Iris/TreeFarms/Raw/21IS_UA0.025.pkl
Iris,21,0.2,0.8,PassiveLearning,RandomForestClassificationFunction,1,100,0.01,Adder,0.0,Classification,short,00:59:00,1000,21IS_PLA0.0,Iris/RandomForestClassification/Raw/21IS_PLA0.0.pkl
Iris,21,0.2,0.8,TreeEnsembleQBCFunction,RandomForestClassificationFunction,0,100,0.01,Adder,0.0,Classification,short,00:59:00,1000,21IS_RFA0.0,Iris/RandomForestClassification/Raw/21IS_RFA0.0.pkl
Iris,22,0.2,0.8,TreeEnsembleQBCFunction,RandomForestClassificationFunction,0,100,0.01,Adder,0.0,Classification,short,00:59:00,1000,22IS_RFA0.0,Iris/RandomForestClassification/Raw/22IS_RFA0.0.pkl
Iris,22,0.2,0.8,TreeEnsembleQBCFunction,TreeFarmsFunction,1,100,0.01,Adder,0.025,Classification,short,0:59:00,1000M,22IS_UA0.025,Iris/TreeFarms/Raw/22IS_UA0.025.pkl
Iris,22,0.2,0.8,TreeEnsembleQBCFunction,TreeFarmsFunction,0,100,0.01,Adder,0.025,Classification,short,0:59:00,1000M,22IS_DA0.025,Iris/TreeFarms/Raw/22IS_DA0.025.pkl
Iris,22,0.2,0.8,PassiveLearning,RandomForestClassificationFunction,1,100,0.01,Adder,0.0,Classification,short,00:59:00,1000,22IS_PLA0.0,Iris/RandomForestClassification/Raw/22IS_PLA0.0.pkl
Iris,23,0.2,0.8,TreeEnsembleQBCFunction,TreeFarmsFunction,1,100,0.01,Adder,0.025,Classification,short,0:59:00,1000M,23IS_UA0.025,Iris/TreeFarms/Raw/23IS_UA0.025.pkl
Iris,23,0.2,0.8,PassiveLearning,RandomForestClassificationFunction,1,100,0.01,Adder,0.0,Classification,short,00:59:00,1000,23IS_PLA0.0,Iris/RandomForestClassification/Raw/23IS_PLA0.0.pkl
Iris,23,0.2,0.8,TreeEnsembleQBCFunction,RandomForestClassificationFunction,0,100,0.01,Adder,0.0,Classification,short,00:59:00,1000,23IS_RFA0.0,Iris/RandomForestClassification/Raw/23IS_RFA0.0.pkl
Iris,23,0.2,0.8,TreeEnsembleQBCFunction,TreeFarmsFunction,0,100,0.01,Adder,0.025,Classification,short,0:59:00,1000M,23IS_DA0.025,Iris/TreeFarms/Raw/23IS_DA0.025.pkl
Iris,24,0.2,0.8,TreeEnsembleQBCFunction,RandomForestClassificationFunction,0,100,0.01,Adder,0.0,Classification,short,00:59:00,1000,24IS_RFA0.0,Iris/RandomForestClassification/Raw/24IS_RFA0.0.pkl
Iris,24,0.2,0.8,PassiveLearning,RandomForestClassificationFunction,1,100,0.01,Adder,0.0,Classification,short,00:59:00,1000,24IS_PLA0.0,Iris/RandomForestClassification/Raw/24IS_PLA0.0.pkl
Iris,24,0.2,0.8,TreeEnsembleQBCFunction,TreeFarmsFunction,0,100,0.01,Adder,0.025,Classification,short,0:59:00,1000M,24IS_DA0.025,Iris/TreeFarms/Raw/24IS_DA0.025.pkl
Iris,24,0.2,0.8,TreeEnsembleQBCFunction,TreeFarmsFunction,1,100,0.01,Adder,0.025,Classification,short,0:59:00,1000M,24IS_UA0.025,Iris/TreeFarms/Raw/24IS_UA0.025.pkl
Iris,25,0.2,0.8,TreeEnsembleQBCFunction,TreeFarmsFunction,0,100,0.01,Adder,0.025,Classification,short,0:59:00,1000M,25IS_DA0.025,Iris/TreeFarms/Raw/25IS_DA0.025.pkl
Iris,25,0.2,0.8,TreeEnsembleQBCFunction,TreeFarmsFunction,1,100,0.01,Adder,0.025,Classification,short,0:59:00,1000M,25IS_UA0.025,Iris/TreeFarms/Raw/25IS_UA0.025.pkl
Iris,25,0.2,0.8,TreeEnsembleQBCFunction,RandomForestClassificationFunction,0,100,0.01,Adder,0.0,Classification,short,00:59:00,1000,25IS_RFA0.0,Iris/RandomForestClassification/Raw/25IS_RFA0.0.pkl
Iris,25,0.2,0.8,PassiveLearning,RandomForestClassificationFunction,1,100,0.01,Adder,0.0,Classification,short,00:59:00,1000,25IS_PLA0.0,Iris/RandomForestClassification/Raw/25IS_PLA0.0.pkl
Iris,26,0.2,0.8,TreeEnsembleQBCFunction,RandomForestClassificationFunction,0,100,0.01,Adder,0.0,Classification,short,00:59:00,1000,26IS_RFA0.0,Iris/RandomForestClassification/Raw/26IS_RFA0.0.pkl
Iris,26,0.2,0.8,TreeEnsembleQBCFunction,TreeFarmsFunction,1,100,0.01,Adder,0.025,Classification,short,0:59:00,1000M,26IS_UA0.025,Iris/TreeFarms/Raw/26IS_UA0.025.pkl
Iris,26,0.2,0.8,TreeEnsembleQBCFunction,TreeFarmsFunction,0,100,0.01,Adder,0.025,Classification,short,0:59:00,1000M,26IS_DA0.025,Iris/TreeFarms/Raw/26IS_DA0.025.pkl
Iris,26,0.2,0.8,PassiveLearning,RandomForestClassificationFunction,1,100,0.01,Adder,0.0,Classification,short,00:59:00,1000,26IS_PLA0.0,Iris/RandomForestClassification/Raw/26IS_PLA0.0.pkl
Iris,27,0.2,0.8,TreeEnsembleQBCFunction,RandomForestClassificationFunction,0,100,0.01,Adder,0.0,Classification,short,00:59:00,1000,27IS_RFA0.0,Iris/RandomForestClassification/Raw/27IS_RFA0.0.pkl
Iris,27,0.2,0.8,TreeEnsembleQBCFunction,TreeFarmsFunction,1,100,0.01,Adder,0.025,Classification,short,0:59:00,1000M,27IS_UA0.025,Iris/TreeFarms/Raw/27IS_UA0.025.pkl
Iris,27,0.2,0.8,TreeEnsembleQBCFunction,TreeFarmsFunction,0,100,0.01,Adder,0.025,Classification,short,0:59:00,1000M,27IS_DA0.025,Iris/TreeFarms/Raw/27IS_DA0.025.pkl
Iris,27,0.2,0.8,PassiveLearning,RandomForestClassificationFunction,1,100,0.01,Adder,0.0,Classification,short,00:59:00,1000,27IS_PLA0.0,Iris/RandomForestClassification/Raw/27IS_PLA0.0.pkl
Iris,28,0.2,0.8,TreeEnsembleQBCFunction,RandomForestClassificationFunction,0,100,0.01,Adder,0.0,Classification,short,00:59:00,1000,28IS_RFA0.0,Iris/RandomForestClassification/Raw/28IS_RFA0.0.pkl
Iris,28,0.2,0.8,TreeEnsembleQBCFunction,TreeFarmsFunction,1,100,0.01,Adder,0.025,Classification,short,0:59:00,1000M,28IS_UA0.025,Iris/TreeFarms/Raw/28IS_UA0.025.pkl
Iris,28,0.2,0.8,PassiveLearning,RandomForestClassificationFunction,1,100,0.01,Adder,0.0,Classification,short,00:59:00,1000,28IS_PLA0.0,Iris/RandomForestClassification/Raw/28IS_PLA0.0.pkl
Iris,28,0.2,0.8,TreeEnsembleQBCFunction,TreeFarmsFunction,0,100,0.01,Adder,0.025,Classification,short,0:59:00,1000M,28IS_DA0.025,Iris/TreeFarms/Raw/28IS_DA0.025.pkl
Iris,29,0.2,0.8,TreeEnsembleQBCFunction,RandomForestClassificationFunction,0,100,0.01,Adder,0.0,Classification,short,00:59:00,1000,29IS_RFA0.0,Iris/RandomForestClassification/Raw/29IS_RFA0.0.pkl
Iris,29,0.2,0.8,TreeEnsembleQBCFunction,TreeFarmsFunction,0,100,0.01,Adder,0.025,Classification,short,0:59:00,1000M,29IS_DA0.025,Iris/TreeFarms/Raw/29IS_DA0.025.pkl
Iris,29,0.2,0.8,TreeEnsembleQBCFunction,TreeFarmsFunction,1,100,0.01,Adder,0.025,Classification,short,0:59:00,1000M,29IS_UA0.025,Iris/TreeFarms/Raw/29IS_UA0.025.pkl
Iris,29,0.2,0.8,PassiveLearning,RandomForestClassificationFunction,1,100,0.01,Adder,0.0,Classification,short,00:59:00,1000,29IS_PLA0.0,Iris/RandomForestClassification/Raw/29IS_PLA0.0.pkl
Iris,30,0.2,0.8,TreeEnsembleQBCFunction,TreeFarmsFunction,1,100,0.01,Adder,0.025,Classification,short,0:59:00,1000M,30IS_UA0.025,Iris/TreeFarms/Raw/30IS_UA0.025.pkl
Iris,30,0.2,0.8,TreeEnsembleQBCFunction,RandomForestClassificationFunction,0,100,0.01,Adder,0.0,Classification,short,00:59:00,1000,30IS_RFA0.0,Iris/RandomForestClassification/Raw/30IS_RFA0.0.pkl
Iris,30,0.2,0.8,TreeEnsembleQBCFunction,TreeFarmsFunction,0,100,0.01,Adder,0.025,Classification,short,0:59:00,1000M,30IS_DA0.025,Iris/TreeFarms/Raw/30IS_DA0.025.pkl
Iris,30,0.2,0.8,PassiveLearning,RandomForestClassificationFunction,1,100,0.01,Adder,0.0,Classification,short,00:59:00,1000,30IS_PLA0.0,Iris/RandomForestClassification/Raw/30IS_PLA0.0.pkl
Iris,31,0.2,0.8,TreeEnsembleQBCFunction,TreeFarmsFunction,1,100,0.01,Adder,0.025,Classification,short,0:59:00,1000M,31IS_UA0.025,Iris/TreeFarms/Raw/31IS_UA0.025.pkl
Iris,31,0.2,0.8,PassiveLearning,RandomForestClassificationFunction,1,100,0.01,Adder,0.0,Classification,short,00:59:00,1000,31IS_PLA0.0,Iris/RandomForestClassification/Raw/31IS_PLA0.0.pkl
Iris,31,0.2,0.8,TreeEnsembleQBCFunction,RandomForestClassificationFunction,0,100,0.01,Adder,0.0,Classification,short,00:59:00,1000,31IS_RFA0.0,Iris/RandomForestClassification/Raw/31IS_RFA0.0.pkl
Iris,31,0.2,0.8,TreeEnsembleQBCFunction,TreeFarmsFunction,0,100,0.01,Adder,0.025,Classification,short,0:59:00,1000M,31IS_DA0.025,Iris/TreeFarms/Raw/31IS_DA0.025.pkl
Iris,32,0.2,0.8,TreeEnsembleQBCFunction,TreeFarmsFunction,1,100,0.01,Adder,0.025,Classification,short,0:59:00,1000M,32IS_UA0.025,Iris/TreeFarms/Raw/32IS_UA0.025.pkl
Iris,32,0.2,0.8,TreeEnsembleQBCFunction,TreeFarmsFunction,0,100,0.01,Adder,0.025,Classification,short,0:59:00,1000M,32IS_DA0.025,Iris/TreeFarms/Raw/32IS_DA0.025.pkl
Iris,32,0.2,0.8,PassiveLearning,RandomForestClassificationFunction,1,100,0.01,Adder,0.0,Classification,short,00:59:00,1000,32IS_PLA0.0,Iris/RandomForestClassification/Raw/32IS_PLA0.0.pkl
Iris,32,0.2,0.8,TreeEnsembleQBCFunction,RandomForestClassificationFunction,0,100,0.01,Adder,0.0,Classification,short,00:59:00,1000,32IS_RFA0.0,Iris/RandomForestClassification/Raw/32IS_RFA0.0.pkl
Iris,33,0.2,0.8,PassiveLearning,RandomForestClassificationFunction,1,100,0.01,Adder,0.0,Classification,short,00:59:00,1000,33IS_PLA0.0,Iris/RandomForestClassification/Raw/33IS_PLA0.0.pkl
Iris,33,0.2,0.8,TreeEnsembleQBCFunction,TreeFarmsFunction,0,100,0.01,Adder,0.025,Classification,short,0:59:00,1000M,33IS_DA0.025,Iris/TreeFarms/Raw/33IS_DA0.025.pkl
Iris,33,0.2,0.8,TreeEnsembleQBCFunction,TreeFarmsFunction,1,100,0.01,Adder,0.025,Classification,short,0:59:00,1000M,33IS_UA0.025,Iris/TreeFarms/Raw/33IS_UA0.025.pkl
Iris,33,0.2,0.8,TreeEnsembleQBCFunction,RandomForestClassificationFunction,0,100,0.01,Adder,0.0,Classification,short,00:59:00,1000,33IS_RFA0.0,Iris/RandomForestClassification/Raw/33IS_RFA0.0.pkl
Iris,34,0.2,0.8,PassiveLearning,RandomForestClassificationFunction,1,100,0.01,Adder,0.0,Classification,short,00:59:00,1000,34IS_PLA0.0,Iris/RandomForestClassification/Raw/34IS_PLA0.0.pkl
Iris,34,0.2,0.8,TreeEnsembleQBCFunction,TreeFarmsFunction,1,100,0.01,Adder,0.025,Classification,short,0:59:00,1000M,34IS_UA0.025,Iris/TreeFarms/Raw/34IS_UA0.025.pkl
Iris,34,0.2,0.8,TreeEnsembleQBCFunction,TreeFarmsFunction,0,100,0.01,Adder,0.025,Classification,short,0:59:00,1000M,34IS_DA0.025,Iris/TreeFarms/Raw/34IS_DA0.025.pkl
Iris,34,0.2,0.8,TreeEnsembleQBCFunction,RandomForestClassificationFunction,0,100,0.01,Adder,0.0,Classification,short,00:59:00,1000,34IS_RFA0.0,Iris/RandomForestClassification/Raw/34IS_RFA0.0.pkl
Iris,35,0.2,0.8,TreeEnsembleQBCFunction,TreeFarmsFunction,0,100,0.01,Adder,0.025,Classification,short,0:59:00,1000M,35IS_DA0.025,Iris/TreeFarms/Raw/35IS_DA0.025.pkl
Iris,35,0.2,0.8,PassiveLearning,RandomForestClassificationFunction,1,100,0.01,Adder,0.0,Classification,short,00:59:00,1000,35IS_PLA0.0,Iris/RandomForestClassification/Raw/35IS_PLA0.0.pkl
Iris,35,0.2,0.8,TreeEnsembleQBCFunction,TreeFarmsFunction,1,100,0.01,Adder,0.025,Classification,short,0:59:00,1000M,35IS_UA0.025,Iris/TreeFarms/Raw/35IS_UA0.025.pkl
Iris,35,0.2,0.8,TreeEnsembleQBCFunction,RandomForestClassificationFunction,0,100,0.01,Adder,0.0,Classification,short,00:59:00,1000,35IS_RFA0.0,Iris/RandomForestClassification/Raw/35IS_RFA0.0.pkl
Iris,36,0.2,0.8,TreeEnsembleQBCFunction,RandomForestClassificationFunction,0,100,0.01,Adder,0.0,Classification,short,00:59:00,1000,36IS_RFA0.0,Iris/RandomForestClassification/Raw/36IS_RFA0.0.pkl
Iris,36,0.2,0.8,TreeEnsembleQBCFunction,TreeFarmsFunction,1,100,0.01,Adder,0.025,Classification,short,0:59:00,1000M,36IS_UA0.025,Iris/TreeFarms/Raw/36IS_UA0.025.pkl
Iris,36,0.2,0.8,TreeEnsembleQBCFunction,TreeFarmsFunction,0,100,0.01,Adder,0.025,Classification,short,0:59:00,1000M,36IS_DA0.025,Iris/TreeFarms/Raw/36IS_DA0.025.pkl
Iris,36,0.2,0.8,PassiveLearning,RandomForestClassificationFunction,1,100,0.01,Adder,0.0,Classification,short,00:59:00,1000,36IS_PLA0.0,Iris/RandomForestClassification/Raw/36IS_PLA0.0.pkl
Iris,37,0.2,0.8,TreeEnsembleQBCFunction,RandomForestClassificationFunction,0,100,0.01,Adder,0.0,Classification,short,00:59:00,1000,37IS_RFA0.0,Iris/RandomForestClassification/Raw/37IS_RFA0.0.pkl
Iris,37,0.2,0.8,TreeEnsembleQBCFunction,TreeFarmsFunction,0,100,0.01,Adder,0.025,Classification,short,0:59:00,1000M,37IS_DA0.025,Iris/TreeFarms/Raw/37IS_DA0.025.pkl
Iris,37,0.2,0.8,TreeEnsembleQBCFunction,TreeFarmsFunction,1,100,0.01,Adder,0.025,Classification,short,0:59:00,1000M,37IS_UA0.025,Iris/TreeFarms/Raw/37IS_UA0.025.pkl
Iris,37,0.2,0.8,PassiveLearning,RandomForestClassificationFunction,1,100,0.01,Adder,0.0,Classification,short,00:59:00,1000,37IS_PLA0.0,Iris/RandomForestClassification/Raw/37IS_PLA0.0.pkl
Iris,38,0.2,0.8,TreeEnsembleQBCFunction,TreeFarmsFunction,1,100,0.01,Adder,0.025,Classification,short,0:59:00,1000M,38IS_UA0.025,Iris/TreeFarms/Raw/38IS_UA0.025.pkl
Iris,38,0.2,0.8,TreeEnsembleQBCFunction,TreeFarmsFunction,0,100,0.01,Adder,0.025,Classification,short,0:59:00,1000M,38IS_DA0.025,Iris/TreeFarms/Raw/38IS_DA0.025.pkl
Iris,38,0.2,0.8,TreeEnsembleQBCFunction,RandomForestClassificationFunction,0,100,0.01,Adder,0.0,Classification,short,00:59:00,1000,38IS_RFA0.0,Iris/RandomForestClassification/Raw/38IS_RFA0.0.pkl
Iris,38,0.2,0.8,PassiveLearning,RandomForestClassificationFunction,1,100,0.01,Adder,0.0,Classification,short,00:59:00,1000,38IS_PLA0.0,Iris/RandomForestClassification/Raw/38IS_PLA0.0.pkl
Iris,39,0.2,0.8,TreeEnsembleQBCFunction,RandomForestClassificationFunction,0,100,0.01,Adder,0.0,Classification,short,00:59:00,1000,39IS_RFA0.0,Iris/RandomForestClassification/Raw/39IS_RFA0.0.pkl
Iris,39,0.2,0.8,TreeEnsembleQBCFunction,TreeFarmsFunction,0,100,0.01,Adder,0.025,Classification,short,0:59:00,1000M,39IS_DA0.025,Iris/TreeFarms/Raw/39IS_DA0.025.pkl
Iris,39,0.2,0.8,TreeEnsembleQBCFunction,TreeFarmsFunction,1,100,0.01,Adder,0.025,Classification,short,0:59:00,1000M,39IS_UA0.025,Iris/TreeFarms/Raw/39IS_UA0.025.pkl
Iris,39,0.2,0.8,PassiveLearning,RandomForestClassificationFunction,1,100,0.01,Adder,0.0,Classification,short,00:59:00,1000,39IS_PLA0.0,Iris/RandomForestClassification/Raw/39IS_PLA0.0.pkl
Iris,40,0.2,0.8,TreeEnsembleQBCFunction,RandomForestClassificationFunction,0,100,0.01,Adder,0.0,Classification,short,00:59:00,1000,40IS_RFA0.0,Iris/RandomForestClassification/Raw/40IS_RFA0.0.pkl
Iris,40,0.2,0.8,TreeEnsembleQBCFunction,TreeFarmsFunction,1,100,0.01,Adder,0.025,Classification,short,0:59:00,1000M,40IS_UA0.025,Iris/TreeFarms/Raw/40IS_UA0.025.pkl
Iris,40,0.2,0.8,TreeEnsembleQBCFunction,TreeFarmsFunction,0,100,0.01,Adder,0.025,Classification,short,0:59:00,1000M,40IS_DA0.025,Iris/TreeFarms/Raw/40IS_DA0.025.pkl
Iris,40,0.2,0.8,PassiveLearning,RandomForestClassificationFunction,1,100,0.01,Adder,0.0,Classification,short,00:59:00,1000,40IS_PLA0.0,Iris/RandomForestClassification/Raw/40IS_PLA0.0.pkl
Iris,41,0.2,0.8,PassiveLearning,RandomForestClassificationFunction,1,100,0.01,Adder,0.0,Classification,short,00:59:00,1000,41IS_PLA0.0,Iris/RandomForestClassification/Raw/41IS_PLA0.0.pkl
Iris,41,0.2,0.8,TreeEnsembleQBCFunction,RandomForestClassificationFunction,0,100,0.01,Adder,0.0,Classification,short,00:59:00,1000,41IS_RFA0.0,Iris/RandomForestClassification/Raw/41IS_RFA0.0.pkl
Iris,41,0.2,0.8,TreeEnsembleQBCFunction,TreeFarmsFunction,1,100,0.01,Adder,0.025,Classification,short,0:59:00,1000M,41IS_UA0.025,Iris/TreeFarms/Raw/41IS_UA0.025.pkl
Iris,41,0.2,0.8,TreeEnsembleQBCFunction,TreeFarmsFunction,0,100,0.01,Adder,0.025,Classification,short,0:59:00,1000M,41IS_DA0.025,Iris/TreeFarms/Raw/41IS_DA0.025.pkl
Iris,42,0.2,0.8,TreeEnsembleQBCFunction,RandomForestClassificationFunction,0,100,0.01,Adder,0.0,Classification,short,00:59:00,1000,42IS_RFA0.0,Iris/RandomForestClassification/Raw/42IS_RFA0.0.pkl
Iris,42,0.2,0.8,TreeEnsembleQBCFunction,TreeFarmsFunction,1,100,0.01,Adder,0.025,Classification,short,0:59:00,1000M,42IS_UA0.025,Iris/TreeFarms/Raw/42IS_UA0.025.pkl
Iris,42,0.2,0.8,TreeEnsembleQBCFunction,TreeFarmsFunction,0,100,0.01,Adder,0.025,Classification,short,0:59:00,1000M,42IS_DA0.025,Iris/TreeFarms/Raw/42IS_DA0.025.pkl
Iris,42,0.2,0.8,PassiveLearning,RandomForestClassificationFunction,1,100,0.01,Adder,0.0,Classification,short,00:59:00,1000,42IS_PLA0.0,Iris/RandomForestClassification/Raw/42IS_PLA0.0.pkl
Iris,43,0.2,0.8,TreeEnsembleQBCFunction,TreeFarmsFunction,1,100,0.01,Adder,0.025,Classification,short,0:59:00,1000M,43IS_UA0.025,Iris/TreeFarms/Raw/43IS_UA0.025.pkl
Iris,43,0.2,0.8,PassiveLearning,RandomForestClassificationFunction,1,100,0.01,Adder,0.0,Classification,short,00:59:00,1000,43IS_PLA0.0,Iris/RandomForestClassification/Raw/43IS_PLA0.0.pkl
Iris,43,0.2,0.8,TreeEnsembleQBCFunction,RandomForestClassificationFunction,0,100,0.01,Adder,0.0,Classification,short,00:59:00,1000,43IS_RFA0.0,Iris/RandomForestClassification/Raw/43IS_RFA0.0.pkl
Iris,43,0.2,0.8,TreeEnsembleQBCFunction,TreeFarmsFunction,0,100,0.01,Adder,0.025,Classification,short,0:59:00,1000M,43IS_DA0.025,Iris/TreeFarms/Raw/43IS_DA0.025.pkl
Iris,44,0.2,0.8,TreeEnsembleQBCFunction,RandomForestClassificationFunction,0,100,0.01,Adder,0.0,Classification,short,00:59:00,1000,44IS_RFA0.0,Iris/RandomForestClassification/Raw/44IS_RFA0.0.pkl
Iris,44,0.2,0.8,PassiveLearning,RandomForestClassificationFunction,1,100,0.01,Adder,0.0,Classification,short,00:59:00,1000,44IS_PLA0.0,Iris/RandomForestClassification/Raw/44IS_PLA0.0.pkl
Iris,44,0.2,0.8,TreeEnsembleQBCFunction,TreeFarmsFunction,1,100,0.01,Adder,0.025,Classification,short,0:59:00,1000M,44IS_UA0.025,Iris/TreeFarms/Raw/44IS_UA0.025.pkl
Iris,44,0.2,0.8,TreeEnsembleQBCFunction,TreeFarmsFunction,0,100,0.01,Adder,0.025,Classification,short,0:59:00,1000M,44IS_DA0.025,Iris/TreeFarms/Raw/44IS_DA0.025.pkl
Iris,45,0.2,0.8,PassiveLearning,RandomForestClassificationFunction,1,100,0.01,Adder,0.0,Classification,short,00:59:00,1000,45IS_PLA0.0,Iris/RandomForestClassification/Raw/45IS_PLA0.0.pkl
Iris,45,0.2,0.8,TreeEnsembleQBCFunction,RandomForestClassificationFunction,0,100,0.01,Adder,0.0,Classification,short,00:59:00,1000,45IS_RFA0.0,Iris/RandomForestClassification/Raw/45IS_RFA0.0.pkl
Iris,45,0.2,0.8,TreeEnsembleQBCFunction,TreeFarmsFunction,0,100,0.01,Adder,0.025,Classification,short,0:59:00,1000M,45IS_DA0.025,Iris/TreeFarms/Raw/45IS_DA0.025.pkl
Iris,45,0.2,0.8,TreeEnsembleQBCFunction,TreeFarmsFunction,1,100,0.01,Adder,0.025,Classification,short,0:59:00,1000M,45IS_UA0.025,Iris/TreeFarms/Raw/45IS_UA0.025.pkl
Iris,46,0.2,0.8,TreeEnsembleQBCFunction,TreeFarmsFunction,0,100,0.01,Adder,0.025,Classification,short,0:59:00,1000M,46IS_DA0.025,Iris/TreeFarms/Raw/46IS_DA0.025.pkl
Iris,46,0.2,0.8,TreeEnsembleQBCFunction,TreeFarmsFunction,1,100,0.01,Adder,0.025,Classification,short,0:59:00,1000M,46IS_UA0.025,Iris/TreeFarms/Raw/46IS_UA0.025.pkl
Iris,46,0.2,0.8,PassiveLearning,RandomForestClassificationFunction,1,100,0.01,Adder,0.0,Classification,short,00:59:00,1000,46IS_PLA0.0,Iris/RandomForestClassification/Raw/46IS_PLA0.0.pkl
Iris,46,0.2,0.8,TreeEnsembleQBCFunction,RandomForestClassificationFunction,0,100,0.01,Adder,0.0,Classification,short,00:59:00,1000,46IS_RFA0.0,Iris/RandomForestClassification/Raw/46IS_RFA0.0.pkl
Iris,47,0.2,0.8,TreeEnsembleQBCFunction,TreeFarmsFunction,0,100,0.01,Adder,0.025,Classification,short,0:59:00,1000M,47IS_DA0.025,Iris/TreeFarms/Raw/47IS_DA0.025.pkl
Iris,47,0.2,0.8,PassiveLearning,RandomForestClassificationFunction,1,100,0.01,Adder,0.0,Classification,short,00:59:00,1000,47IS_PLA0.0,Iris/RandomForestClassification/Raw/47IS_PLA0.0.pkl
Iris,47,0.2,0.8,TreeEnsembleQBCFunction,RandomForestClassificationFunction,0,100,0.01,Adder,0.0,Classification,short,00:59:00,1000,47IS_RFA0.0,Iris/RandomForestClassification/Raw/47IS_RFA0.0.pkl
Iris,47,0.2,0.8,TreeEnsembleQBCFunction,TreeFarmsFunction,1,100,0.01,Adder,0.025,Classification,short,0:59:00,1000M,47IS_UA0.025,Iris/TreeFarms/Raw/47IS_UA0.025.pkl
Iris,48,0.2,0.8,PassiveLearning,RandomForestClassificationFunction,1,100,0.01,Adder,0.0,Classification,short,00:59:00,1000,48IS_PLA0.0,Iris/RandomForestClassification/Raw/48IS_PLA0.0.pkl
Iris,48,0.2,0.8,TreeEnsembleQBCFunction,TreeFarmsFunction,0,100,0.01,Adder,0.025,Classification,short,0:59:00,1000M,48IS_DA0.025,Iris/TreeFarms/Raw/48IS_DA0.025.pkl
Iris,48,0.2,0.8,TreeEnsembleQBCFunction,TreeFarmsFunction,1,100,0.01,Adder,0.025,Classification,short,0:59:00,1000M,48IS_UA0.025,Iris/TreeFarms/Raw/48IS_UA0.025.pkl
Iris,48,0.2,0.8,TreeEnsembleQBCFunction,RandomForestClassificationFunction,0,100,0.01,Adder,0.0,Classification,short,00:59:00,1000,48IS_RFA0.0,Iris/RandomForestClassification/Raw/48IS_RFA0.0.pkl
Iris,49,0.2,0.8,TreeEnsembleQBCFunction,RandomForestClassificationFunction,0,100,0.01,Adder,0.0,Classification,short,00:59:00,1000,49IS_RFA0.0,Iris/RandomForestClassification/Raw/49IS_RFA0.0.pkl
Iris,49,0.2,0.8,TreeEnsembleQBCFunction,TreeFarmsFunction,0,100,0.01,Adder,0.025,Classification,short,0:59:00,1000M,49IS_DA0.025,Iris/TreeFarms/Raw/49IS_DA0.025.pkl
Iris,49,0.2,0.8,PassiveLearning,RandomForestClassificationFunction,1,100,0.01,Adder,0.0,Classification,short,00:59:00,1000,49IS_PLA0.0,Iris/RandomForestClassification/Raw/49IS_PLA0.0.pkl
Iris,49,0.2,0.8,TreeEnsembleQBCFunction,TreeFarmsFunction,1,100,0.01,Adder,0.025,Classification,short,0:59:00,1000M,49IS_UA0.025,Iris/TreeFarms/Raw/49IS_UA0.025.pkl
Iris,50,0.2,0.8,PassiveLearning,RandomForestClassificationFunction,1,100,0.01,Adder,0.0,Classification,short,00:59:00,1000,50IS_PLA0.0,Iris/RandomForestClassification/Raw/50IS_PLA0.0.pkl
Iris,50,0.2,0.8,TreeEnsembleQBCFunction,TreeFarmsFunction,1,100,0.01,Adder,0.025,Classification,short,0:59:00,1000M,50IS_UA0.025,Iris/TreeFarms/Raw/50IS_UA0.025.pkl
Iris,50,0.2,0.8,TreeEnsembleQBCFunction,RandomForestClassificationFunction,0,100,0.01,Adder,0.0,Classification,short,00:59:00,1000,50IS_RFA0.0,Iris/RandomForestClassification/Raw/50IS_RFA0.0.pkl
Iris,50,0.2,0.8,TreeEnsembleQBCFunction,TreeFarmsFunction,0,100,0.01,Adder,0.025,Classification,short,0:59:00,1000M,50IS_DA0.025,Iris/TreeFarms/Raw/50IS_DA0.025.pkl
Iris,51,0.2,0.8,PassiveLearning,RandomForestClassificationFunction,1,100,0.01,Adder,0.0,Classification,short,00:59:00,1000,51IS_PLA0.0,Iris/RandomForestClassification/Raw/51IS_PLA0.0.pkl
Iris,51,0.2,0.8,TreeEnsembleQBCFunction,TreeFarmsFunction,0,100,0.01,Adder,0.025,Classification,short,0:59:00,1000M,51IS_DA0.025,Iris/TreeFarms/Raw/51IS_DA0.025.pkl
Iris,51,0.2,0.8,TreeEnsembleQBCFunction,TreeFarmsFunction,1,100,0.01,Adder,0.025,Classification,short,0:59:00,1000M,51IS_UA0.025,Iris/TreeFarms/Raw/51IS_UA0.025.pkl
Iris,51,0.2,0.8,TreeEnsembleQBCFunction,RandomForestClassificationFunction,0,100,0.01,Adder,0.0,Classification,short,00:59:00,1000,51IS_RFA0.0,Iris/RandomForestClassification/Raw/51IS_RFA0.0.pkl
Iris,52,0.2,0.8,TreeEnsembleQBCFunction,TreeFarmsFunction,1,100,0.01,Adder,0.025,Classification,short,0:59:00,1000M,52IS_UA0.025,Iris/TreeFarms/Raw/52IS_UA0.025.pkl
Iris,52,0.2,0.8,TreeEnsembleQBCFunction,TreeFarmsFunction,0,100,0.01,Adder,0.025,Classification,short,0:59:00,1000M,52IS_DA0.025,Iris/TreeFarms/Raw/52IS_DA0.025.pkl
Iris,52,0.2,0.8,PassiveLearning,RandomForestClassificationFunction,1,100,0.01,Adder,0.0,Classification,short,00:59:00,1000,52IS_PLA0.0,Iris/RandomForestClassification/Raw/52IS_PLA0.0.pkl
Iris,52,0.2,0.8,TreeEnsembleQBCFunction,RandomForestClassificationFunction,0,100,0.01,Adder,0.0,Classification,short,00:59:00,1000,52IS_RFA0.0,Iris/RandomForestClassification/Raw/52IS_RFA0.0.pkl
Iris,53,0.2,0.8,TreeEnsembleQBCFunction,TreeFarmsFunction,1,100,0.01,Adder,0.025,Classification,short,0:59:00,1000M,53IS_UA0.025,Iris/TreeFarms/Raw/53IS_UA0.025.pkl
Iris,53,0.2,0.8,TreeEnsembleQBCFunction,RandomForestClassificationFunction,0,100,0.01,Adder,0.0,Classification,short,00:59:00,1000,53IS_RFA0.0,Iris/RandomForestClassification/Raw/53IS_RFA0.0.pkl
Iris,53,0.2,0.8,PassiveLearning,RandomForestClassificationFunction,1,100,0.01,Adder,0.0,Classification,short,00:59:00,1000,53IS_PLA0.0,Iris/RandomForestClassification/Raw/53IS_PLA0.0.pkl
Iris,53,0.2,0.8,TreeEnsembleQBCFunction,TreeFarmsFunction,0,100,0.01,Adder,0.025,Classification,short,0:59:00,1000M,53IS_DA0.025,Iris/TreeFarms/Raw/53IS_DA0.025.pkl
Iris,54,0.2,0.8,TreeEnsembleQBCFunction,RandomForestClassificationFunction,0,100,0.01,Adder,0.0,Classification,short,00:59:00,1000,54IS_RFA0.0,Iris/RandomForestClassification/Raw/54IS_RFA0.0.pkl
Iris,54,0.2,0.8,TreeEnsembleQBCFunction,TreeFarmsFunction,0,100,0.01,Adder,0.025,Classification,short,0:59:00,1000M,54IS_DA0.025,Iris/TreeFarms/Raw/54IS_DA0.025.pkl
Iris,54,0.2,0.8,TreeEnsembleQBCFunction,TreeFarmsFunction,1,100,0.01,Adder,0.025,Classification,short,0:59:00,1000M,54IS_UA0.025,Iris/TreeFarms/Raw/54IS_UA0.025.pkl
Iris,54,0.2,0.8,PassiveLearning,RandomForestClassificationFunction,1,100,0.01,Adder,0.0,Classification,short,00:59:00,1000,54IS_PLA0.0,Iris/RandomForestClassification/Raw/54IS_PLA0.0.pkl
Iris,55,0.2,0.8,TreeEnsembleQBCFunction,RandomForestClassificationFunction,0,100,0.01,Adder,0.0,Classification,short,00:59:00,1000,55IS_RFA0.0,Iris/RandomForestClassification/Raw/55IS_RFA0.0.pkl
Iris,55,0.2,0.8,TreeEnsembleQBCFunction,TreeFarmsFunction,0,100,0.01,Adder,0.025,Classification,short,0:59:00,1000M,55IS_DA0.025,Iris/TreeFarms/Raw/55IS_DA0.025.pkl
Iris,55,0.2,0.8,TreeEnsembleQBCFunction,TreeFarmsFunction,1,100,0.01,Adder,0.025,Classification,short,0:59:00,1000M,55IS_UA0.025,Iris/TreeFarms/Raw/55IS_UA0.025.pkl
Iris,55,0.2,0.8,PassiveLearning,RandomForestClassificationFunction,1,100,0.01,Adder,0.0,Classification,short,00:59:00,1000,55IS_PLA0.0,Iris/RandomForestClassification/Raw/55IS_PLA0.0.pkl
Iris,56,0.2,0.8,TreeEnsembleQBCFunction,RandomForestClassificationFunction,0,100,0.01,Adder,0.0,Classification,short,00:59:00,1000,56IS_RFA0.0,Iris/RandomForestClassification/Raw/56IS_RFA0.0.pkl
Iris,56,0.2,0.8,TreeEnsembleQBCFunction,TreeFarmsFunction,0,100,0.01,Adder,0.025,Classification,short,0:59:00,1000M,56IS_DA0.025,Iris/TreeFarms/Raw/56IS_DA0.025.pkl
Iris,56,0.2,0.8,TreeEnsembleQBCFunction,TreeFarmsFunction,1,100,0.01,Adder,0.025,Classification,short,0:59:00,1000M,56IS_UA0.025,Iris/TreeFarms/Raw/56IS_UA0.025.pkl
Iris,56,0.2,0.8,PassiveLearning,RandomForestClassificationFunction,1,100,0.01,Adder,0.0,Classification,short,00:59:00,1000,56IS_PLA0.0,Iris/RandomForestClassification/Raw/56IS_PLA0.0.pkl
Iris,57,0.2,0.8,TreeEnsembleQBCFunction,RandomForestClassificationFunction,0,100,0.01,Adder,0.0,Classification,short,00:59:00,1000,57IS_RFA0.0,Iris/RandomForestClassification/Raw/57IS_RFA0.0.pkl
Iris,57,0.2,0.8,TreeEnsembleQBCFunction,TreeFarmsFunction,0,100,0.01,Adder,0.025,Classification,short,0:59:00,1000M,57IS_DA0.025,Iris/TreeFarms/Raw/57IS_DA0.025.pkl
Iris,57,0.2,0.8,TreeEnsembleQBCFunction,TreeFarmsFunction,1,100,0.01,Adder,0.025,Classification,short,0:59:00,1000M,57IS_UA0.025,Iris/TreeFarms/Raw/57IS_UA0.025.pkl
Iris,57,0.2,0.8,PassiveLearning,RandomForestClassificationFunction,1,100,0.01,Adder,0.0,Classification,short,00:59:00,1000,57IS_PLA0.0,Iris/RandomForestClassification/Raw/57IS_PLA0.0.pkl
Iris,58,0.2,0.8,TreeEnsembleQBCFunction,TreeFarmsFunction,1,100,0.01,Adder,0.025,Classification,short,0:59:00,1000M,58IS_UA0.025,Iris/TreeFarms/Raw/58IS_UA0.025.pkl
Iris,58,0.2,0.8,TreeEnsembleQBCFunction,TreeFarmsFunction,0,100,0.01,Adder,0.025,Classification,short,0:59:00,1000M,58IS_DA0.025,Iris/TreeFarms/Raw/58IS_DA0.025.pkl
Iris,58,0.2,0.8,TreeEnsembleQBCFunction,RandomForestClassificationFunction,0,100,0.01,Adder,0.0,Classification,short,00:59:00,1000,58IS_RFA0.0,Iris/RandomForestClassification/Raw/58IS_RFA0.0.pkl
Iris,58,0.2,0.8,PassiveLearning,RandomForestClassificationFunction,1,100,0.01,Adder,0.0,Classification,short,00:59:00,1000,58IS_PLA0.0,Iris/RandomForestClassification/Raw/58IS_PLA0.0.pkl
Iris,59,0.2,0.8,TreeEnsembleQBCFunction,TreeFarmsFunction,1,100,0.01,Adder,0.025,Classification,short,0:59:00,1000M,59IS_UA0.025,Iris/TreeFarms/Raw/59IS_UA0.025.pkl
Iris,59,0.2,0.8,PassiveLearning,RandomForestClassificationFunction,1,100,0.01,Adder,0.0,Classification,short,00:59:00,1000,59IS_PLA0.0,Iris/RandomForestClassification/Raw/59IS_PLA0.0.pkl
Iris,59,0.2,0.8,TreeEnsembleQBCFunction,TreeFarmsFunction,0,100,0.01,Adder,0.025,Classification,short,0:59:00,1000M,59IS_DA0.025,Iris/TreeFarms/Raw/59IS_DA0.025.pkl
Iris,59,0.2,0.8,TreeEnsembleQBCFunction,RandomForestClassificationFunction,0,100,0.01,Adder,0.0,Classification,short,00:59:00,1000,59IS_RFA0.0,Iris/RandomForestClassification/Raw/59IS_RFA0.0.pkl
Iris,60,0.2,0.8,PassiveLearning,RandomForestClassificationFunction,1,100,0.01,Adder,0.0,Classification,short,00:59:00,1000,60IS_PLA0.0,Iris/RandomForestClassification/Raw/60IS_PLA0.0.pkl
Iris,60,0.2,0.8,TreeEnsembleQBCFunction,TreeFarmsFunction,0,100,0.01,Adder,0.025,Classification,short,0:59:00,1000M,60IS_DA0.025,Iris/TreeFarms/Raw/60IS_DA0.025.pkl
Iris,60,0.2,0.8,TreeEnsembleQBCFunction,TreeFarmsFunction,1,100,0.01,Adder,0.025,Classification,short,0:59:00,1000M,60IS_UA0.025,Iris/TreeFarms/Raw/60IS_UA0.025.pkl
Iris,60,0.2,0.8,TreeEnsembleQBCFunction,RandomForestClassificationFunction,0,100,0.01,Adder,0.0,Classification,short,00:59:00,1000,60IS_RFA0.0,Iris/RandomForestClassification/Raw/60IS_RFA0.0.pkl
Iris,61,0.2,0.8,PassiveLearning,RandomForestClassificationFunction,1,100,0.01,Adder,0.0,Classification,short,00:59:00,1000,61IS_PLA0.0,Iris/RandomForestClassification/Raw/61IS_PLA0.0.pkl
Iris,61,0.2,0.8,TreeEnsembleQBCFunction,TreeFarmsFunction,0,100,0.01,Adder,0.025,Classification,short,0:59:00,1000M,61IS_DA0.025,Iris/TreeFarms/Raw/61IS_DA0.025.pkl
Iris,61,0.2,0.8,TreeEnsembleQBCFunction,TreeFarmsFunction,1,100,0.01,Adder,0.025,Classification,short,0:59:00,1000M,61IS_UA0.025,Iris/TreeFarms/Raw/61IS_UA0.025.pkl
Iris,61,0.2,0.8,TreeEnsembleQBCFunction,RandomForestClassificationFunction,0,100,0.01,Adder,0.0,Classification,short,00:59:00,1000,61IS_RFA0.0,Iris/RandomForestClassification/Raw/61IS_RFA0.0.pkl
Iris,62,0.2,0.8,TreeEnsembleQBCFunction,RandomForestClassificationFunction,0,100,0.01,Adder,0.0,Classification,short,00:59:00,1000,62IS_RFA0.0,Iris/RandomForestClassification/Raw/62IS_RFA0.0.pkl
Iris,62,0.2,0.8,TreeEnsembleQBCFunction,TreeFarmsFunction,0,100,0.01,Adder,0.025,Classification,short,0:59:00,1000M,62IS_DA0.025,Iris/TreeFarms/Raw/62IS_DA0.025.pkl
Iris,62,0.2,0.8,PassiveLearning,RandomForestClassificationFunction,1,100,0.01,Adder,0.0,Classification,short,00:59:00,1000,62IS_PLA0.0,Iris/RandomForestClassification/Raw/62IS_PLA0.0.pkl
Iris,62,0.2,0.8,TreeEnsembleQBCFunction,TreeFarmsFunction,1,100,0.01,Adder,0.025,Classification,short,0:59:00,1000M,62IS_UA0.025,Iris/TreeFarms/Raw/62IS_UA0.025.pkl
Iris,63,0.2,0.8,PassiveLearning,RandomForestClassificationFunction,1,100,0.01,Adder,0.0,Classification,short,00:59:00,1000,63IS_PLA0.0,Iris/RandomForestClassification/Raw/63IS_PLA0.0.pkl
Iris,63,0.2,0.8,TreeEnsembleQBCFunction,TreeFarmsFunction,0,100,0.01,Adder,0.025,Classification,short,0:59:00,1000M,63IS_DA0.025,Iris/TreeFarms/Raw/63IS_DA0.025.pkl
Iris,63,0.2,0.8,TreeEnsembleQBCFunction,RandomForestClassificationFunction,0,100,0.01,Adder,0.0,Classification,short,00:59:00,1000,63IS_RFA0.0,Iris/RandomForestClassification/Raw/63IS_RFA0.0.pkl
Iris,63,0.2,0.8,TreeEnsembleQBCFunction,TreeFarmsFunction,1,100,0.01,Adder,0.025,Classification,short,0:59:00,1000M,63IS_UA0.025,Iris/TreeFarms/Raw/63IS_UA0.025.pkl
Iris,64,0.2,0.8,TreeEnsembleQBCFunction,TreeFarmsFunction,0,100,0.01,Adder,0.025,Classification,short,0:59:00,1000M,64IS_DA0.025,Iris/TreeFarms/Raw/64IS_DA0.025.pkl
Iris,64,0.2,0.8,PassiveLearning,RandomForestClassificationFunction,1,100,0.01,Adder,0.0,Classification,short,00:59:00,1000,64IS_PLA0.0,Iris/RandomForestClassification/Raw/64IS_PLA0.0.pkl
Iris,64,0.2,0.8,TreeEnsembleQBCFunction,RandomForestClassificationFunction,0,100,0.01,Adder,0.0,Classification,short,00:59:00,1000,64IS_RFA0.0,Iris/RandomForestClassification/Raw/64IS_RFA0.0.pkl
Iris,64,0.2,0.8,TreeEnsembleQBCFunction,TreeFarmsFunction,1,100,0.01,Adder,0.025,Classification,short,0:59:00,1000M,64IS_UA0.025,Iris/TreeFarms/Raw/64IS_UA0.025.pkl
Iris,65,0.2,0.8,PassiveLearning,RandomForestClassificationFunction,1,100,0.01,Adder,0.0,Classification,short,00:59:00,1000,65IS_PLA0.0,Iris/RandomForestClassification/Raw/65IS_PLA0.0.pkl
Iris,65,0.2,0.8,TreeEnsembleQBCFunction,TreeFarmsFunction,1,100,0.01,Adder,0.025,Classification,short,0:59:00,1000M,65IS_UA0.025,Iris/TreeFarms/Raw/65IS_UA0.025.pkl
Iris,65,0.2,0.8,TreeEnsembleQBCFunction,TreeFarmsFunction,0,100,0.01,Adder,0.025,Classification,short,0:59:00,1000M,65IS_DA0.025,Iris/TreeFarms/Raw/65IS_DA0.025.pkl
Iris,65,0.2,0.8,TreeEnsembleQBCFunction,RandomForestClassificationFunction,0,100,0.01,Adder,0.0,Classification,short,00:59:00,1000,65IS_RFA0.0,Iris/RandomForestClassification/Raw/65IS_RFA0.0.pkl
Iris,66,0.2,0.8,TreeEnsembleQBCFunction,RandomForestClassificationFunction,0,100,0.01,Adder,0.0,Classification,short,00:59:00,1000,66IS_RFA0.0,Iris/RandomForestClassification/Raw/66IS_RFA0.0.pkl
Iris,66,0.2,0.8,TreeEnsembleQBCFunction,TreeFarmsFunction,0,100,0.01,Adder,0.025,Classification,short,0:59:00,1000M,66IS_DA0.025,Iris/TreeFarms/Raw/66IS_DA0.025.pkl
Iris,66,0.2,0.8,TreeEnsembleQBCFunction,TreeFarmsFunction,1,100,0.01,Adder,0.025,Classification,short,0:59:00,1000M,66IS_UA0.025,Iris/TreeFarms/Raw/66IS_UA0.025.pkl
Iris,66,0.2,0.8,PassiveLearning,RandomForestClassificationFunction,1,100,0.01,Adder,0.0,Classification,short,00:59:00,1000,66IS_PLA0.0,Iris/RandomForestClassification/Raw/66IS_PLA0.0.pkl
Iris,67,0.2,0.8,TreeEnsembleQBCFunction,RandomForestClassificationFunction,0,100,0.01,Adder,0.0,Classification,short,00:59:00,1000,67IS_RFA0.0,Iris/RandomForestClassification/Raw/67IS_RFA0.0.pkl
Iris,67,0.2,0.8,TreeEnsembleQBCFunction,TreeFarmsFunction,1,100,0.01,Adder,0.025,Classification,short,0:59:00,1000M,67IS_UA0.025,Iris/TreeFarms/Raw/67IS_UA0.025.pkl
Iris,67,0.2,0.8,TreeEnsembleQBCFunction,TreeFarmsFunction,0,100,0.01,Adder,0.025,Classification,short,0:59:00,1000M,67IS_DA0.025,Iris/TreeFarms/Raw/67IS_DA0.025.pkl
Iris,67,0.2,0.8,PassiveLearning,RandomForestClassificationFunction,1,100,0.01,Adder,0.0,Classification,short,00:59:00,1000,67IS_PLA0.0,Iris/RandomForestClassification/Raw/67IS_PLA0.0.pkl
Iris,68,0.2,0.8,TreeEnsembleQBCFunction,RandomForestClassificationFunction,0,100,0.01,Adder,0.0,Classification,short,00:59:00,1000,68IS_RFA0.0,Iris/RandomForestClassification/Raw/68IS_RFA0.0.pkl
Iris,68,0.2,0.8,TreeEnsembleQBCFunction,TreeFarmsFunction,1,100,0.01,Adder,0.025,Classification,short,0:59:00,1000M,68IS_UA0.025,Iris/TreeFarms/Raw/68IS_UA0.025.pkl
Iris,68,0.2,0.8,TreeEnsembleQBCFunction,TreeFarmsFunction,0,100,0.01,Adder,0.025,Classification,short,0:59:00,1000M,68IS_DA0.025,Iris/TreeFarms/Raw/68IS_DA0.025.pkl
Iris,68,0.2,0.8,PassiveLearning,RandomForestClassificationFunction,1,100,0.01,Adder,0.0,Classification,short,00:59:00,1000,68IS_PLA0.0,Iris/RandomForestClassification/Raw/68IS_PLA0.0.pkl
Iris,69,0.2,0.8,TreeEnsembleQBCFunction,RandomForestClassificationFunction,0,100,0.01,Adder,0.0,Classification,short,00:59:00,1000,69IS_RFA0.0,Iris/RandomForestClassification/Raw/69IS_RFA0.0.pkl
Iris,69,0.2,0.8,TreeEnsembleQBCFunction,TreeFarmsFunction,0,100,0.01,Adder,0.025,Classification,short,0:59:00,1000M,69IS_DA0.025,Iris/TreeFarms/Raw/69IS_DA0.025.pkl
Iris,69,0.2,0.8,TreeEnsembleQBCFunction,TreeFarmsFunction,1,100,0.01,Adder,0.025,Classification,short,0:59:00,1000M,69IS_UA0.025,Iris/TreeFarms/Raw/69IS_UA0.025.pkl
Iris,69,0.2,0.8,PassiveLearning,RandomForestClassificationFunction,1,100,0.01,Adder,0.0,Classification,short,00:59:00,1000,69IS_PLA0.0,Iris/RandomForestClassification/Raw/69IS_PLA0.0.pkl
Iris,70,0.2,0.8,TreeEnsembleQBCFunction,TreeFarmsFunction,0,100,0.01,Adder,0.025,Classification,short,0:59:00,1000M,70IS_DA0.025,Iris/TreeFarms/Raw/70IS_DA0.025.pkl
Iris,70,0.2,0.8,TreeEnsembleQBCFunction,TreeFarmsFunction,1,100,0.01,Adder,0.025,Classification,short,0:59:00,1000M,70IS_UA0.025,Iris/TreeFarms/Raw/70IS_UA0.025.pkl
Iris,70,0.2,0.8,TreeEnsembleQBCFunction,RandomForestClassificationFunction,0,100,0.01,Adder,0.0,Classification,short,00:59:00,1000,70IS_RFA0.0,Iris/RandomForestClassification/Raw/70IS_RFA0.0.pkl
Iris,70,0.2,0.8,PassiveLearning,RandomForestClassificationFunction,1,100,0.01,Adder,0.0,Classification,short,00:59:00,1000,70IS_PLA0.0,Iris/RandomForestClassification/Raw/70IS_PLA0.0.pkl
Iris,71,0.2,0.8,TreeEnsembleQBCFunction,RandomForestClassificationFunction,0,100,0.01,Adder,0.0,Classification,short,00:59:00,1000,71IS_RFA0.0,Iris/RandomForestClassification/Raw/71IS_RFA0.0.pkl
Iris,71,0.2,0.8,TreeEnsembleQBCFunction,TreeFarmsFunction,1,100,0.01,Adder,0.025,Classification,short,0:59:00,1000M,71IS_UA0.025,Iris/TreeFarms/Raw/71IS_UA0.025.pkl
Iris,71,0.2,0.8,PassiveLearning,RandomForestClassificationFunction,1,100,0.01,Adder,0.0,Classification,short,00:59:00,1000,71IS_PLA0.0,Iris/RandomForestClassification/Raw/71IS_PLA0.0.pkl
Iris,71,0.2,0.8,TreeEnsembleQBCFunction,TreeFarmsFunction,0,100,0.01,Adder,0.025,Classification,short,0:59:00,1000M,71IS_DA0.025,Iris/TreeFarms/Raw/71IS_DA0.025.pkl
Iris,72,0.2,0.8,TreeEnsembleQBCFunction,TreeFarmsFunction,1,100,0.01,Adder,0.025,Classification,short,0:59:00,1000M,72IS_UA0.025,Iris/TreeFarms/Raw/72IS_UA0.025.pkl
Iris,72,0.2,0.8,TreeEnsembleQBCFunction,TreeFarmsFunction,0,100,0.01,Adder,0.025,Classification,short,0:59:00,1000M,72IS_DA0.025,Iris/TreeFarms/Raw/72IS_DA0.025.pkl
Iris,72,0.2,0.8,PassiveLearning,RandomForestClassificationFunction,1,100,0.01,Adder,0.0,Classification,short,00:59:00,1000,72IS_PLA0.0,Iris/RandomForestClassification/Raw/72IS_PLA0.0.pkl
Iris,72,0.2,0.8,TreeEnsembleQBCFunction,RandomForestClassificationFunction,0,100,0.01,Adder,0.0,Classification,short,00:59:00,1000,72IS_RFA0.0,Iris/RandomForestClassification/Raw/72IS_RFA0.0.pkl
Iris,73,0.2,0.8,TreeEnsembleQBCFunction,RandomForestClassificationFunction,0,100,0.01,Adder,0.0,Classification,short,00:59:00,1000,73IS_RFA0.0,Iris/RandomForestClassification/Raw/73IS_RFA0.0.pkl
Iris,73,0.2,0.8,TreeEnsembleQBCFunction,TreeFarmsFunction,0,100,0.01,Adder,0.025,Classification,short,0:59:00,1000M,73IS_DA0.025,Iris/TreeFarms/Raw/73IS_DA0.025.pkl
Iris,73,0.2,0.8,PassiveLearning,RandomForestClassificationFunction,1,100,0.01,Adder,0.0,Classification,short,00:59:00,1000,73IS_PLA0.0,Iris/RandomForestClassification/Raw/73IS_PLA0.0.pkl
Iris,73,0.2,0.8,TreeEnsembleQBCFunction,TreeFarmsFunction,1,100,0.01,Adder,0.025,Classification,short,0:59:00,1000M,73IS_UA0.025,Iris/TreeFarms/Raw/73IS_UA0.025.pkl
Iris,74,0.2,0.8,PassiveLearning,RandomForestClassificationFunction,1,100,0.01,Adder,0.0,Classification,short,00:59:00,1000,74IS_PLA0.0,Iris/RandomForestClassification/Raw/74IS_PLA0.0.pkl
Iris,74,0.2,0.8,TreeEnsembleQBCFunction,TreeFarmsFunction,1,100,0.01,Adder,0.025,Classification,short,0:59:00,1000M,74IS_UA0.025,Iris/TreeFarms/Raw/74IS_UA0.025.pkl
Iris,74,0.2,0.8,TreeEnsembleQBCFunction,TreeFarmsFunction,0,100,0.01,Adder,0.025,Classification,short,0:59:00,1000M,74IS_DA0.025,Iris/TreeFarms/Raw/74IS_DA0.025.pkl
Iris,74,0.2,0.8,TreeEnsembleQBCFunction,RandomForestClassificationFunction,0,100,0.01,Adder,0.0,Classification,short,00:59:00,1000,74IS_RFA0.0,Iris/RandomForestClassification/Raw/74IS_RFA0.0.pkl
Iris,75,0.2,0.8,TreeEnsembleQBCFunction,TreeFarmsFunction,1,100,0.01,Adder,0.025,Classification,short,0:59:00,1000M,75IS_UA0.025,Iris/TreeFarms/Raw/75IS_UA0.025.pkl
Iris,75,0.2,0.8,PassiveLearning,RandomForestClassificationFunction,1,100,0.01,Adder,0.0,Classification,short,00:59:00,1000,75IS_PLA0.0,Iris/RandomForestClassification/Raw/75IS_PLA0.0.pkl
Iris,75,0.2,0.8,TreeEnsembleQBCFunction,TreeFarmsFunction,0,100,0.01,Adder,0.025,Classification,short,0:59:00,1000M,75IS_DA0.025,Iris/TreeFarms/Raw/75IS_DA0.025.pkl
Iris,75,0.2,0.8,TreeEnsembleQBCFunction,RandomForestClassificationFunction,0,100,0.01,Adder,0.0,Classification,short,00:59:00,1000,75IS_RFA0.0,Iris/RandomForestClassification/Raw/75IS_RFA0.0.pkl
Iris,76,0.2,0.8,PassiveLearning,RandomForestClassificationFunction,1,100,0.01,Adder,0.0,Classification,short,00:59:00,1000,76IS_PLA0.0,Iris/RandomForestClassification/Raw/76IS_PLA0.0.pkl
Iris,76,0.2,0.8,TreeEnsembleQBCFunction,TreeFarmsFunction,0,100,0.01,Adder,0.025,Classification,short,0:59:00,1000M,76IS_DA0.025,Iris/TreeFarms/Raw/76IS_DA0.025.pkl
Iris,76,0.2,0.8,TreeEnsembleQBCFunction,TreeFarmsFunction,1,100,0.01,Adder,0.025,Classification,short,0:59:00,1000M,76IS_UA0.025,Iris/TreeFarms/Raw/76IS_UA0.025.pkl
Iris,76,0.2,0.8,TreeEnsembleQBCFunction,RandomForestClassificationFunction,0,100,0.01,Adder,0.0,Classification,short,00:59:00,1000,76IS_RFA0.0,Iris/RandomForestClassification/Raw/76IS_RFA0.0.pkl
Iris,77,0.2,0.8,TreeEnsembleQBCFunction,TreeFarmsFunction,1,100,0.01,Adder,0.025,Classification,short,0:59:00,1000M,77IS_UA0.025,Iris/TreeFarms/Raw/77IS_UA0.025.pkl
Iris,77,0.2,0.8,PassiveLearning,RandomForestClassificationFunction,1,100,0.01,Adder,0.0,Classification,short,00:59:00,1000,77IS_PLA0.0,Iris/RandomForestClassification/Raw/77IS_PLA0.0.pkl
Iris,77,0.2,0.8,TreeEnsembleQBCFunction,TreeFarmsFunction,0,100,0.01,Adder,0.025,Classification,short,0:59:00,1000M,77IS_DA0.025,Iris/TreeFarms/Raw/77IS_DA0.025.pkl
Iris,77,0.2,0.8,TreeEnsembleQBCFunction,RandomForestClassificationFunction,0,100,0.01,Adder,0.0,Classification,short,00:59:00,1000,77IS_RFA0.0,Iris/RandomForestClassification/Raw/77IS_RFA0.0.pkl
Iris,78,0.2,0.8,TreeEnsembleQBCFunction,RandomForestClassificationFunction,0,100,0.01,Adder,0.0,Classification,short,00:59:00,1000,78IS_RFA0.0,Iris/RandomForestClassification/Raw/78IS_RFA0.0.pkl
Iris,78,0.2,0.8,PassiveLearning,RandomForestClassificationFunction,1,100,0.01,Adder,0.0,Classification,short,00:59:00,1000,78IS_PLA0.0,Iris/RandomForestClassification/Raw/78IS_PLA0.0.pkl
Iris,78,0.2,0.8,TreeEnsembleQBCFunction,TreeFarmsFunction,1,100,0.01,Adder,0.025,Classification,short,0:59:00,1000M,78IS_UA0.025,Iris/TreeFarms/Raw/78IS_UA0.025.pkl
Iris,78,0.2,0.8,TreeEnsembleQBCFunction,TreeFarmsFunction,0,100,0.01,Adder,0.025,Classification,short,0:59:00,1000M,78IS_DA0.025,Iris/TreeFarms/Raw/78IS_DA0.025.pkl
Iris,79,0.2,0.8,TreeEnsembleQBCFunction,RandomForestClassificationFunction,0,100,0.01,Adder,0.0,Classification,short,00:59:00,1000,79IS_RFA0.0,Iris/RandomForestClassification/Raw/79IS_RFA0.0.pkl
Iris,79,0.2,0.8,TreeEnsembleQBCFunction,TreeFarmsFunction,1,100,0.01,Adder,0.025,Classification,short,0:59:00,1000M,79IS_UA0.025,Iris/TreeFarms/Raw/79IS_UA0.025.pkl
Iris,79,0.2,0.8,TreeEnsembleQBCFunction,TreeFarmsFunction,0,100,0.01,Adder,0.025,Classification,short,0:59:00,1000M,79IS_DA0.025,Iris/TreeFarms/Raw/79IS_DA0.025.pkl
Iris,79,0.2,0.8,PassiveLearning,RandomForestClassificationFunction,1,100,0.01,Adder,0.0,Classification,short,00:59:00,1000,79IS_PLA0.0,Iris/RandomForestClassification/Raw/79IS_PLA0.0.pkl
Iris,80,0.2,0.8,TreeEnsembleQBCFunction,TreeFarmsFunction,0,100,0.01,Adder,0.025,Classification,short,0:59:00,1000M,80IS_DA0.025,Iris/TreeFarms/Raw/80IS_DA0.025.pkl
Iris,80,0.2,0.8,PassiveLearning,RandomForestClassificationFunction,1,100,0.01,Adder,0.0,Classification,short,00:59:00,1000,80IS_PLA0.0,Iris/RandomForestClassification/Raw/80IS_PLA0.0.pkl
Iris,80,0.2,0.8,TreeEnsembleQBCFunction,TreeFarmsFunction,1,100,0.01,Adder,0.025,Classification,short,0:59:00,1000M,80IS_UA0.025,Iris/TreeFarms/Raw/80IS_UA0.025.pkl
Iris,80,0.2,0.8,TreeEnsembleQBCFunction,RandomForestClassificationFunction,0,100,0.01,Adder,0.0,Classification,short,00:59:00,1000,80IS_RFA0.0,Iris/RandomForestClassification/Raw/80IS_RFA0.0.pkl
Iris,81,0.2,0.8,TreeEnsembleQBCFunction,TreeFarmsFunction,1,100,0.01,Adder,0.025,Classification,short,0:59:00,1000M,81IS_UA0.025,Iris/TreeFarms/Raw/81IS_UA0.025.pkl
Iris,81,0.2,0.8,PassiveLearning,RandomForestClassificationFunction,1,100,0.01,Adder,0.0,Classification,short,00:59:00,1000,81IS_PLA0.0,Iris/RandomForestClassification/Raw/81IS_PLA0.0.pkl
Iris,81,0.2,0.8,TreeEnsembleQBCFunction,RandomForestClassificationFunction,0,100,0.01,Adder,0.0,Classification,short,00:59:00,1000,81IS_RFA0.0,Iris/RandomForestClassification/Raw/81IS_RFA0.0.pkl
Iris,81,0.2,0.8,TreeEnsembleQBCFunction,TreeFarmsFunction,0,100,0.01,Adder,0.025,Classification,short,0:59:00,1000M,81IS_DA0.025,Iris/TreeFarms/Raw/81IS_DA0.025.pkl
Iris,82,0.2,0.8,PassiveLearning,RandomForestClassificationFunction,1,100,0.01,Adder,0.0,Classification,short,00:59:00,1000,82IS_PLA0.0,Iris/RandomForestClassification/Raw/82IS_PLA0.0.pkl
Iris,82,0.2,0.8,TreeEnsembleQBCFunction,TreeFarmsFunction,0,100,0.01,Adder,0.025,Classification,short,0:59:00,1000M,82IS_DA0.025,Iris/TreeFarms/Raw/82IS_DA0.025.pkl
Iris,82,0.2,0.8,TreeEnsembleQBCFunction,TreeFarmsFunction,1,100,0.01,Adder,0.025,Classification,short,0:59:00,1000M,82IS_UA0.025,Iris/TreeFarms/Raw/82IS_UA0.025.pkl
Iris,82,0.2,0.8,TreeEnsembleQBCFunction,RandomForestClassificationFunction,0,100,0.01,Adder,0.0,Classification,short,00:59:00,1000,82IS_RFA0.0,Iris/RandomForestClassification/Raw/82IS_RFA0.0.pkl
Iris,83,0.2,0.8,TreeEnsembleQBCFunction,RandomForestClassificationFunction,0,100,0.01,Adder,0.0,Classification,short,00:59:00,1000,83IS_RFA0.0,Iris/RandomForestClassification/Raw/83IS_RFA0.0.pkl
Iris,83,0.2,0.8,TreeEnsembleQBCFunction,TreeFarmsFunction,1,100,0.01,Adder,0.025,Classification,short,0:59:00,1000M,83IS_UA0.025,Iris/TreeFarms/Raw/83IS_UA0.025.pkl
Iris,83,0.2,0.8,PassiveLearning,RandomForestClassificationFunction,1,100,0.01,Adder,0.0,Classification,short,00:59:00,1000,83IS_PLA0.0,Iris/RandomForestClassification/Raw/83IS_PLA0.0.pkl
Iris,83,0.2,0.8,TreeEnsembleQBCFunction,TreeFarmsFunction,0,100,0.01,Adder,0.025,Classification,short,0:59:00,1000M,83IS_DA0.025,Iris/TreeFarms/Raw/83IS_DA0.025.pkl
Iris,84,0.2,0.8,PassiveLearning,RandomForestClassificationFunction,1,100,0.01,Adder,0.0,Classification,short,00:59:00,1000,84IS_PLA0.0,Iris/RandomForestClassification/Raw/84IS_PLA0.0.pkl
Iris,84,0.2,0.8,TreeEnsembleQBCFunction,TreeFarmsFunction,1,100,0.01,Adder,0.025,Classification,short,0:59:00,1000M,84IS_UA0.025,Iris/TreeFarms/Raw/84IS_UA0.025.pkl
Iris,84,0.2,0.8,TreeEnsembleQBCFunction,RandomForestClassificationFunction,0,100,0.01,Adder,0.0,Classification,short,00:59:00,1000,84IS_RFA0.0,Iris/RandomForestClassification/Raw/84IS_RFA0.0.pkl
Iris,84,0.2,0.8,TreeEnsembleQBCFunction,TreeFarmsFunction,0,100,0.01,Adder,0.025,Classification,short,0:59:00,1000M,84IS_DA0.025,Iris/TreeFarms/Raw/84IS_DA0.025.pkl
Iris,85,0.2,0.8,TreeEnsembleQBCFunction,RandomForestClassificationFunction,0,100,0.01,Adder,0.0,Classification,short,00:59:00,1000,85IS_RFA0.0,Iris/RandomForestClassification/Raw/85IS_RFA0.0.pkl
Iris,85,0.2,0.8,PassiveLearning,RandomForestClassificationFunction,1,100,0.01,Adder,0.0,Classification,short,00:59:00,1000,85IS_PLA0.0,Iris/RandomForestClassification/Raw/85IS_PLA0.0.pkl
Iris,85,0.2,0.8,TreeEnsembleQBCFunction,TreeFarmsFunction,1,100,0.01,Adder,0.025,Classification,short,0:59:00,1000M,85IS_UA0.025,Iris/TreeFarms/Raw/85IS_UA0.025.pkl
Iris,85,0.2,0.8,TreeEnsembleQBCFunction,TreeFarmsFunction,0,100,0.01,Adder,0.025,Classification,short,0:59:00,1000M,85IS_DA0.025,Iris/TreeFarms/Raw/85IS_DA0.025.pkl
Iris,86,0.2,0.8,PassiveLearning,RandomForestClassificationFunction,1,100,0.01,Adder,0.0,Classification,short,00:59:00,1000,86IS_PLA0.0,Iris/RandomForestClassification/Raw/86IS_PLA0.0.pkl
Iris,86,0.2,0.8,TreeEnsembleQBCFunction,TreeFarmsFunction,1,100,0.01,Adder,0.025,Classification,short,0:59:00,1000M,86IS_UA0.025,Iris/TreeFarms/Raw/86IS_UA0.025.pkl
Iris,86,0.2,0.8,TreeEnsembleQBCFunction,TreeFarmsFunction,0,100,0.01,Adder,0.025,Classification,short,0:59:00,1000M,86IS_DA0.025,Iris/TreeFarms/Raw/86IS_DA0.025.pkl
Iris,86,0.2,0.8,TreeEnsembleQBCFunction,RandomForestClassificationFunction,0,100,0.01,Adder,0.0,Classification,short,00:59:00,1000,86IS_RFA0.0,Iris/RandomForestClassification/Raw/86IS_RFA0.0.pkl
Iris,87,0.2,0.8,TreeEnsembleQBCFunction,TreeFarmsFunction,1,100,0.01,Adder,0.025,Classification,short,0:59:00,1000M,87IS_UA0.025,Iris/TreeFarms/Raw/87IS_UA0.025.pkl
Iris,87,0.2,0.8,TreeEnsembleQBCFunction,TreeFarmsFunction,0,100,0.01,Adder,0.025,Classification,short,0:59:00,1000M,87IS_DA0.025,Iris/TreeFarms/Raw/87IS_DA0.025.pkl
Iris,87,0.2,0.8,TreeEnsembleQBCFunction,RandomForestClassificationFunction,0,100,0.01,Adder,0.0,Classification,short,00:59:00,1000,87IS_RFA0.0,Iris/RandomForestClassification/Raw/87IS_RFA0.0.pkl
Iris,87,0.2,0.8,PassiveLearning,RandomForestClassificationFunction,1,100,0.01,Adder,0.0,Classification,short,00:59:00,1000,87IS_PLA0.0,Iris/RandomForestClassification/Raw/87IS_PLA0.0.pkl
Iris,88,0.2,0.8,TreeEnsembleQBCFunction,RandomForestClassificationFunction,0,100,0.01,Adder,0.0,Classification,short,00:59:00,1000,88IS_RFA0.0,Iris/RandomForestClassification/Raw/88IS_RFA0.0.pkl
Iris,88,0.2,0.8,TreeEnsembleQBCFunction,TreeFarmsFunction,0,100,0.01,Adder,0.025,Classification,short,0:59:00,1000M,88IS_DA0.025,Iris/TreeFarms/Raw/88IS_DA0.025.pkl
Iris,88,0.2,0.8,PassiveLearning,RandomForestClassificationFunction,1,100,0.01,Adder,0.0,Classification,short,00:59:00,1000,88IS_PLA0.0,Iris/RandomForestClassification/Raw/88IS_PLA0.0.pkl
Iris,88,0.2,0.8,TreeEnsembleQBCFunction,TreeFarmsFunction,1,100,0.01,Adder,0.025,Classification,short,0:59:00,1000M,88IS_UA0.025,Iris/TreeFarms/Raw/88IS_UA0.025.pkl
Iris,89,0.2,0.8,TreeEnsembleQBCFunction,TreeFarmsFunction,0,100,0.01,Adder,0.025,Classification,short,0:59:00,1000M,89IS_DA0.025,Iris/TreeFarms/Raw/89IS_DA0.025.pkl
Iris,89,0.2,0.8,TreeEnsembleQBCFunction,RandomForestClassificationFunction,0,100,0.01,Adder,0.0,Classification,short,00:59:00,1000,89IS_RFA0.0,Iris/RandomForestClassification/Raw/89IS_RFA0.0.pkl
Iris,89,0.2,0.8,PassiveLearning,RandomForestClassificationFunction,1,100,0.01,Adder,0.0,Classification,short,00:59:00,1000,89IS_PLA0.0,Iris/RandomForestClassification/Raw/89IS_PLA0.0.pkl
Iris,89,0.2,0.8,TreeEnsembleQBCFunction,TreeFarmsFunction,1,100,0.01,Adder,0.025,Classification,short,0:59:00,1000M,89IS_UA0.025,Iris/TreeFarms/Raw/89IS_UA0.025.pkl
Iris,90,0.2,0.8,TreeEnsembleQBCFunction,TreeFarmsFunction,1,100,0.01,Adder,0.025,Classification,short,0:59:00,1000M,90IS_UA0.025,Iris/TreeFarms/Raw/90IS_UA0.025.pkl
Iris,90,0.2,0.8,TreeEnsembleQBCFunction,TreeFarmsFunction,0,100,0.01,Adder,0.025,Classification,short,0:59:00,1000M,90IS_DA0.025,Iris/TreeFarms/Raw/90IS_DA0.025.pkl
Iris,90,0.2,0.8,PassiveLearning,RandomForestClassificationFunction,1,100,0.01,Adder,0.0,Classification,short,00:59:00,1000,90IS_PLA0.0,Iris/RandomForestClassification/Raw/90IS_PLA0.0.pkl
Iris,90,0.2,0.8,TreeEnsembleQBCFunction,RandomForestClassificationFunction,0,100,0.01,Adder,0.0,Classification,short,00:59:00,1000,90IS_RFA0.0,Iris/RandomForestClassification/Raw/90IS_RFA0.0.pkl
Iris,91,0.2,0.8,TreeEnsembleQBCFunction,RandomForestClassificationFunction,0,100,0.01,Adder,0.0,Classification,short,00:59:00,1000,91IS_RFA0.0,Iris/RandomForestClassification/Raw/91IS_RFA0.0.pkl
Iris,91,0.2,0.8,TreeEnsembleQBCFunction,TreeFarmsFunction,0,100,0.01,Adder,0.025,Classification,short,0:59:00,1000M,91IS_DA0.025,Iris/TreeFarms/Raw/91IS_DA0.025.pkl
Iris,91,0.2,0.8,PassiveLearning,RandomForestClassificationFunction,1,100,0.01,Adder,0.0,Classification,short,00:59:00,1000,91IS_PLA0.0,Iris/RandomForestClassification/Raw/91IS_PLA0.0.pkl
Iris,91,0.2,0.8,TreeEnsembleQBCFunction,TreeFarmsFunction,1,100,0.01,Adder,0.025,Classification,short,0:59:00,1000M,91IS_UA0.025,Iris/TreeFarms/Raw/91IS_UA0.025.pkl
Iris,92,0.2,0.8,TreeEnsembleQBCFunction,RandomForestClassificationFunction,0,100,0.01,Adder,0.0,Classification,short,00:59:00,1000,92IS_RFA0.0,Iris/RandomForestClassification/Raw/92IS_RFA0.0.pkl
Iris,92,0.2,0.8,TreeEnsembleQBCFunction,TreeFarmsFunction,0,100,0.01,Adder,0.025,Classification,short,0:59:00,1000M,92IS_DA0.025,Iris/TreeFarms/Raw/92IS_DA0.025.pkl
Iris,92,0.2,0.8,TreeEnsembleQBCFunction,TreeFarmsFunction,1,100,0.01,Adder,0.025,Classification,short,0:59:00,1000M,92IS_UA0.025,Iris/TreeFarms/Raw/92IS_UA0.025.pkl
Iris,92,0.2,0.8,PassiveLearning,RandomForestClassificationFunction,1,100,0.01,Adder,0.0,Classification,short,00:59:00,1000,92IS_PLA0.0,Iris/RandomForestClassification/Raw/92IS_PLA0.0.pkl
Iris,93,0.2,0.8,TreeEnsembleQBCFunction,RandomForestClassificationFunction,0,100,0.01,Adder,0.0,Classification,short,00:59:00,1000,93IS_RFA0.0,Iris/RandomForestClassification/Raw/93IS_RFA0.0.pkl
Iris,93,0.2,0.8,TreeEnsembleQBCFunction,TreeFarmsFunction,1,100,0.01,Adder,0.025,Classification,short,0:59:00,1000M,93IS_UA0.025,Iris/TreeFarms/Raw/93IS_UA0.025.pkl
Iris,93,0.2,0.8,TreeEnsembleQBCFunction,TreeFarmsFunction,0,100,0.01,Adder,0.025,Classification,short,0:59:00,1000M,93IS_DA0.025,Iris/TreeFarms/Raw/93IS_DA0.025.pkl
Iris,93,0.2,0.8,PassiveLearning,RandomForestClassificationFunction,1,100,0.01,Adder,0.0,Classification,short,00:59:00,1000,93IS_PLA0.0,Iris/RandomForestClassification/Raw/93IS_PLA0.0.pkl
Iris,94,0.2,0.8,PassiveLearning,RandomForestClassificationFunction,1,100,0.01,Adder,0.0,Classification,short,00:59:00,1000,94IS_PLA0.0,Iris/RandomForestClassification/Raw/94IS_PLA0.0.pkl
Iris,94,0.2,0.8,TreeEnsembleQBCFunction,TreeFarmsFunction,0,100,0.01,Adder,0.025,Classification,short,0:59:00,1000M,94IS_DA0.025,Iris/TreeFarms/Raw/94IS_DA0.025.pkl
Iris,94,0.2,0.8,TreeEnsembleQBCFunction,TreeFarmsFunction,1,100,0.01,Adder,0.025,Classification,short,0:59:00,1000M,94IS_UA0.025,Iris/TreeFarms/Raw/94IS_UA0.025.pkl
Iris,94,0.2,0.8,TreeEnsembleQBCFunction,RandomForestClassificationFunction,0,100,0.01,Adder,0.0,Classification,short,00:59:00,1000,94IS_RFA0.0,Iris/RandomForestClassification/Raw/94IS_RFA0.0.pkl
Iris,95,0.2,0.8,TreeEnsembleQBCFunction,TreeFarmsFunction,1,100,0.01,Adder,0.025,Classification,short,0:59:00,1000M,95IS_UA0.025,Iris/TreeFarms/Raw/95IS_UA0.025.pkl
Iris,95,0.2,0.8,TreeEnsembleQBCFunction,TreeFarmsFunction,0,100,0.01,Adder,0.025,Classification,short,0:59:00,1000M,95IS_DA0.025,Iris/TreeFarms/Raw/95IS_DA0.025.pkl
Iris,95,0.2,0.8,PassiveLearning,RandomForestClassificationFunction,1,100,0.01,Adder,0.0,Classification,short,00:59:00,1000,95IS_PLA0.0,Iris/RandomForestClassification/Raw/95IS_PLA0.0.pkl
Iris,95,0.2,0.8,TreeEnsembleQBCFunction,RandomForestClassificationFunction,0,100,0.01,Adder,0.0,Classification,short,00:59:00,1000,95IS_RFA0.0,Iris/RandomForestClassification/Raw/95IS_RFA0.0.pkl
Iris,96,0.2,0.8,TreeEnsembleQBCFunction,TreeFarmsFunction,1,100,0.01,Adder,0.025,Classification,short,0:59:00,1000M,96IS_UA0.025,Iris/TreeFarms/Raw/96IS_UA0.025.pkl
Iris,96,0.2,0.8,TreeEnsembleQBCFunction,TreeFarmsFunction,0,100,0.01,Adder,0.025,Classification,short,0:59:00,1000M,96IS_DA0.025,Iris/TreeFarms/Raw/96IS_DA0.025.pkl
Iris,96,0.2,0.8,PassiveLearning,RandomForestClassificationFunction,1,100,0.01,Adder,0.0,Classification,short,00:59:00,1000,96IS_PLA0.0,Iris/RandomForestClassification/Raw/96IS_PLA0.0.pkl
Iris,96,0.2,0.8,TreeEnsembleQBCFunction,RandomForestClassificationFunction,0,100,0.01,Adder,0.0,Classification,short,00:59:00,1000,96IS_RFA0.0,Iris/RandomForestClassification/Raw/96IS_RFA0.0.pkl
Iris,97,0.2,0.8,TreeEnsembleQBCFunction,RandomForestClassificationFunction,0,100,0.01,Adder,0.0,Classification,short,00:59:00,1000,97IS_RFA0.0,Iris/RandomForestClassification/Raw/97IS_RFA0.0.pkl
Iris,97,0.2,0.8,PassiveLearning,RandomForestClassificationFunction,1,100,0.01,Adder,0.0,Classification,short,00:59:00,1000,97IS_PLA0.0,Iris/RandomForestClassification/Raw/97IS_PLA0.0.pkl
Iris,97,0.2,0.8,TreeEnsembleQBCFunction,TreeFarmsFunction,0,100,0.01,Adder,0.025,Classification,short,0:59:00,1000M,97IS_DA0.025,Iris/TreeFarms/Raw/97IS_DA0.025.pkl
Iris,97,0.2,0.8,TreeEnsembleQBCFunction,TreeFarmsFunction,1,100,0.01,Adder,0.025,Classification,short,0:59:00,1000M,97IS_UA0.025,Iris/TreeFarms/Raw/97IS_UA0.025.pkl
Iris,98,0.2,0.8,TreeEnsembleQBCFunction,TreeFarmsFunction,1,100,0.01,Adder,0.025,Classification,short,0:59:00,1000M,98IS_UA0.025,Iris/TreeFarms/Raw/98IS_UA0.025.pkl
Iris,98,0.2,0.8,TreeEnsembleQBCFunction,TreeFarmsFunction,0,100,0.01,Adder,0.025,Classification,short,0:59:00,1000M,98IS_DA0.025,Iris/TreeFarms/Raw/98IS_DA0.025.pkl
Iris,98,0.2,0.8,TreeEnsembleQBCFunction,RandomForestClassificationFunction,0,100,0.01,Adder,0.0,Classification,short,00:59:00,1000,98IS_RFA0.0,Iris/RandomForestClassification/Raw/98IS_RFA0.0.pkl
Iris,98,0.2,0.8,PassiveLearning,RandomForestClassificationFunction,1,100,0.01,Adder,0.0,Classification,short,00:59:00,1000,98IS_PLA0.0,Iris/RandomForestClassification/Raw/98IS_PLA0.0.pkl
Iris,99,0.2,0.8,TreeEnsembleQBCFunction,TreeFarmsFunction,0,100,0.01,Adder,0.025,Classification,short,0:59:00,1000M,99IS_DA0.025,Iris/TreeFarms/Raw/99IS_DA0.025.pkl
Iris,99,0.2,0.8,TreeEnsembleQBCFunction,TreeFarmsFunction,1,100,0.01,Adder,0.025,Classification,short,0:59:00,1000M,99IS_UA0.025,Iris/TreeFarms/Raw/99IS_UA0.025.pkl
Iris,99,0.2,0.8,PassiveLearning,RandomForestClassificationFunction,1,100,0.01,Adder,0.0,Classification,short,00:59:00,1000,99IS_PLA0.0,Iris/RandomForestClassification/Raw/99IS_PLA0.0.pkl
Iris,99,0.2,0.8,TreeEnsembleQBCFunction,RandomForestClassificationFunction,0,100,0.01,Adder,0.0,Classification,short,00:59:00,1000,99IS_RFA0.0,Iris/RandomForestClassification/Raw/99IS_RFA0.0.pkl
